gesture,x0,x1,x2,x3,x4,x5,x6,x7,x8,x9,x10,x11,x12,x13,x14,x15,x16,x17,x18,x19,x20,y0,y1,y2,y3,y4,y5,y6,y7,y8,y9,y10,y11,y12,y13,y14,y15,y16,y17,y18,y19,y20
a,0,-0.015557975,0.003514037,0.036190912,0.067457452,0.000539422,0.032400846,0.054091215,0.069819763,0.023491085,0.092696115,0.134499878,0.159556061,0.051036879,0.122023821,0.154417664,0.168857396,0.077677652,0.137814939,0.160631239,0.169663489,0,-0.076892376,-0.160514355,-0.217606127,-0.254810274,-0.192274332,-0.267023206,-0.317223251,-0.352388024,-0.166993797,-0.24194026,-0.254030645,-0.249272645,-0.125419438,-0.188600481,-0.193540633,-0.18828547,-0.07608974,-0.116074443,-0.115870178,-0.110178828
a,0,-0.015803933,0.005914688,0.042696938,0.077615589,0.000923008,0.031812087,0.054691762,0.073054209,0.024647251,0.095656648,0.137129098,0.160977572,0.05332242,0.128699362,0.159543246,0.170017004,0.080918998,0.144326448,0.164972872,0.170340955,0,-0.081686318,-0.16302979,-0.212535918,-0.242738903,-0.200143993,-0.276724935,-0.327846766,-0.362989724,-0.175199389,-0.254611194,-0.263765037,-0.25364089,-0.134053707,-0.20034951,-0.200859547,-0.188890278,-0.084781528,-0.129299521,-0.12624532,-0.114984155
a,0,-0.013657384,0.010954678,0.050272793,0.090669185,0.007431626,0.0796583,0.122336537,0.140728891,0.032008141,0.122362614,0.164332956,0.174390316,0.059504926,0.153362691,0.182812452,0.178715438,0.084236935,0.161981374,0.175353318,0.163333952,0,-0.091995835,-0.169052243,-0.213950992,-0.237582088,-0.215744674,-0.281507611,-0.282058656,-0.263370216,-0.189221919,-0.275610566,-0.259462535,-0.229340255,-0.14490658,-0.218649089,-0.19277364,-0.164330602,-0.089266896,-0.144402504,-0.123490214,-0.09566164
a,0,-0.01443585,0.007107958,0.043287784,0.080109701,0.005548283,0.062660381,0.098885089,0.117849261,0.027988926,0.118615508,0.161692142,0.173202127,0.057087988,0.150775492,0.179544717,0.174964607,0.083613142,0.160509259,0.174485952,0.163014144,0,-0.095182538,-0.173506618,-0.223099232,-0.252744853,-0.226241171,-0.306021333,-0.331073463,-0.334702253,-0.20328927,-0.293931961,-0.278032124,-0.244974017,-0.159494877,-0.231568038,-0.202419698,-0.1696105,-0.106383383,-0.161061823,-0.138782382,-0.108579218
a,0,-0.013860293,0.007656306,0.045386419,0.082174867,0.005244836,0.066557229,0.107860073,0.128332496,0.027663216,0.124414176,0.170009732,0.181163877,0.057539254,0.155215174,0.182547688,0.175350487,0.085490435,0.165886104,0.17938599,0.166121334,0,-0.092881322,-0.181755662,-0.239751458,-0.276936948,-0.234701455,-0.317570567,-0.34035033,-0.338097215,-0.209434748,-0.303064287,-0.283948362,-0.250064671,-0.166302681,-0.240407825,-0.207461715,-0.172909677,-0.113850296,-0.167500079,-0.142671525,-0.111729801
b,0,0.069658853,0.139905445,0.192439638,0.238883846,0.15637017,0.221968703,0.249181859,0.266019635,0.119774513,0.185004197,0.19767528,0.200972758,0.073831491,0.123887412,0.121030994,0.114007615,0.026443467,0.060486577,0.067203335,0.068073727,0,4.58E-05,-0.027518511,-0.057813168,-0.072957635,-0.13269788,-0.104759514,-0.075601697,-0.043299556,-0.162855625,-0.116831958,-0.082957447,-0.05795157,-0.171734095,-0.103359938,-0.055919588,-0.026647806,-0.164619625,-0.11854738,-0.088741183,-0.072055161
b,0,0.081115149,0.177870236,0.235606246,0.284471326,0.182881974,0.253133617,0.223590635,0.189884178,0.133233838,0.205763094,0.162679814,0.127497576,0.076804392,0.142658703,0.099674515,0.065045945,0.017720088,0.072952099,0.058060579,0.043919303,0,0.02961129,-0.016835093,-0.07497704,-0.12148869,-0.183023453,-0.136419058,-0.050126553,-0.000288248,-0.217044294,-0.151623309,-0.040073812,0.012887716,-0.227443695,-0.147661984,-0.036351919,0.01252979,-0.221528292,-0.169673383,-0.085929632,-0.040323853
b,0,0.073798522,0.192072883,0.256567195,0.286367282,0.185312644,0.247918323,0.214550719,0.178890541,0.132897496,0.20108892,0.155794099,0.117421374,0.075643227,0.135995746,0.089540794,0.053408489,0.013813719,0.073592186,0.045355305,0.018050618,0,0.041467249,-0.010593057,-0.09250474,-0.178347826,-0.214199781,-0.196885288,-0.101034045,-0.042135,-0.251606762,-0.210047007,-0.092679799,-0.03914696,-0.267354369,-0.204829097,-0.087876916,-0.037920952,-0.269506991,-0.218836904,-0.130217314,-0.090668738
b,0,0.092527285,0.211355165,0.28055428,0.312689796,0.205322012,0.275716379,0.233537719,0.192613855,0.15466474,0.226066545,0.174446046,0.133460298,0.097656339,0.163806096,0.112876847,0.074153051,0.035837464,0.096176997,0.069775894,0.043897279,0,0.034794867,-0.020823002,-0.102098823,-0.187070072,-0.229817152,-0.212745965,-0.115414798,-0.06920737,-0.268916547,-0.22287935,-0.108629048,-0.068050027,-0.286812425,-0.219940186,-0.105877459,-0.067210734,-0.288375676,-0.233361006,-0.140839517,-0.102915823
b,0,0.100955799,0.215389937,0.27722311,0.307554573,0.203243613,0.27403754,0.23322612,0.193064809,0.150413781,0.223827958,0.173913196,0.134190872,0.090843186,0.157136425,0.108722538,0.07148841,0.024923585,0.08815679,0.066509262,0.042132691,0,0.016614556,-0.036121905,-0.111307859,-0.193163157,-0.253600299,-0.229211032,-0.127543867,-0.083887637,-0.292139769,-0.235969007,-0.115823209,-0.078235269,-0.304723501,-0.233463347,-0.1126436,-0.077401459,-0.299082935,-0.245537639,-0.146364391,-0.107672215
b,0,0.104717612,0.217423096,0.279826686,0.310891554,0.205400065,0.276949093,0.235007212,0.191913649,0.152627647,0.226783827,0.175948307,0.133469179,0.093291834,0.160453454,0.112185642,0.072271928,0.027722128,0.092438415,0.069849834,0.041555926,0,0.013086855,-0.043738246,-0.118952572,-0.198568225,-0.255091965,-0.232210755,-0.131948113,-0.090042412,-0.29425472,-0.242004752,-0.121413052,-0.08522892,-0.308497906,-0.24240756,-0.122828782,-0.089426816,-0.305671453,-0.251066387,-0.153716266,-0.120865226
b,0,0.105204195,0.216976345,0.28083384,0.311451286,0.203195333,0.276854694,0.238595158,0.197049975,0.148778319,0.223909646,0.176905394,0.136261806,0.088614523,0.159872875,0.113387153,0.073629081,0.024528041,0.092532724,0.071210951,0.042782195,0,0.012901306,-0.044528544,-0.115249753,-0.192295313,-0.254674017,-0.232789159,-0.130157828,-0.085100174,-0.292236149,-0.239537954,-0.116506219,-0.078098238,-0.304611266,-0.235856116,-0.115447402,-0.080331504,-0.299466372,-0.245334923,-0.149399579,-0.116083741
b,0,0.106269941,0.218229666,0.28176339,0.314207956,0.204021528,0.276000544,0.239885375,0.200367793,0.149675563,0.223424152,0.178354397,0.138862893,0.089556277,0.159500852,0.114367053,0.075385451,0.025200695,0.091996327,0.072188005,0.044637516,0,0.012450933,-0.045702279,-0.116756082,-0.19307369,-0.253778875,-0.233320475,-0.130201221,-0.085557342,-0.291119576,-0.23944056,-0.11578244,-0.077854753,-0.303552032,-0.236185789,-0.114645422,-0.07947278,-0.298802137,-0.245755553,-0.149304152,-0.11583972
c,0,0.085777625,0.171065509,0.240034431,0.296492696,0.171460688,0.227771461,0.27011168,0.308339685,0.15425685,0.217600495,0.266822368,0.312360108,0.128712565,0.193749547,0.244923264,0.290757746,0.095263928,0.155400395,0.19965741,0.242837101,0,0.027636409,0.000956893,-0.018125057,-0.034290433,-0.162705421,-0.213383377,-0.229858994,-0.240219653,-0.194717526,-0.247914523,-0.260770142,-0.256225169,-0.22186628,-0.27387476,-0.28592211,-0.280949414,-0.243200928,-0.284080386,-0.30200541,-0.305281788
c,0,0.096929222,0.182648569,0.25320664,0.312898934,0.185796142,0.24481371,0.292823493,0.336187601,0.171315432,0.238126606,0.291074097,0.338953972,0.148912847,0.219247043,0.273521543,0.321414351,0.119312346,0.187551379,0.235479981,0.280302465,0,0.0311203,-0.001945734,-0.02057761,-0.025309324,-0.166328877,-0.21391052,-0.228555471,-0.236200929,-0.20134148,-0.250712097,-0.260023206,-0.251672328,-0.231468618,-0.280376077,-0.29025501,-0.283396423,-0.254541665,-0.295513749,-0.308403611,-0.30576849
c,0,0.091761023,0.181295305,0.252635807,0.31201756,0.188902199,0.248711973,0.295518219,0.336707771,0.177040488,0.246274173,0.299806476,0.347004652,0.156816751,0.228792727,0.28321135,0.328815043,0.130251229,0.199159145,0.246379644,0.290497661,0,0.039050102,0.010298193,-0.004497766,-0.014004529,-0.161191821,-0.206522912,-0.2162911,-0.21684587,-0.192959845,-0.246219039,-0.253314555,-0.238220692,-0.220401287,-0.273136079,-0.277118385,-0.261791706,-0.240854442,-0.279746473,-0.289300025,-0.283551037
c,0,0.092580378,0.174936473,0.241703689,0.299827218,0.186839819,0.245596498,0.291413128,0.331671059,0.173701763,0.243039429,0.295480967,0.342666805,0.152496159,0.223740041,0.277627885,0.323450565,0.124481469,0.192176521,0.240114331,0.285341263,0,0.035781682,0.0084759,-0.005637467,-0.013753474,-0.161236733,-0.206723332,-0.213627666,-0.212890029,-0.192774594,-0.243525267,-0.248785436,-0.234949172,-0.220563591,-0.271459699,-0.276667774,-0.262691796,-0.242756128,-0.278972089,-0.290753841,-0.287199318
c,0,0.091878235,0.175044537,0.244256467,0.305141836,0.183352798,0.243829995,0.291862041,0.33442989,0.17130962,0.24307099,0.296602219,0.34472236,0.151269853,0.225213885,0.27821973,0.323995203,0.125137866,0.193791658,0.241168886,0.286465734,0,0.033135831,0.008631229,-0.002361596,-0.014248669,-0.162626326,-0.209792674,-0.218927473,-0.22040087,-0.19450295,-0.245078743,-0.250659138,-0.236043066,-0.223358154,-0.272748649,-0.280514061,-0.269205391,-0.24731034,-0.28410387,-0.298012733,-0.296234906
c,0,0.092303127,0.173734248,0.241137505,0.301057935,0.180204302,0.239047885,0.285243154,0.327392101,0.168370485,0.237918794,0.289989233,0.338507533,0.148410052,0.220727086,0.273243725,0.319549918,0.122349471,0.190384954,0.237342119,0.28273046,0,0.030050874,0.006555557,-0.00353688,-0.012304306,-0.16436857,-0.210125655,-0.219498843,-0.222881138,-0.1959638,-0.244147599,-0.250878721,-0.239274144,-0.223571688,-0.270517886,-0.280141741,-0.271501482,-0.246223927,-0.282167137,-0.297686636,-0.298448384
c,0,0.094135106,0.174072474,0.241415024,0.300908864,0.176772833,0.235549927,0.282238603,0.323720753,0.165023774,0.236297131,0.289075553,0.336186767,0.145416617,0.219262064,0.272772253,0.319229603,0.118876845,0.187147737,0.233790696,0.27929765,0,0.029457211,0.003999889,-0.008348525,-0.018251717,-0.161711186,-0.208857924,-0.21822834,-0.221487641,-0.193645,-0.242687434,-0.249074757,-0.235819608,-0.223161608,-0.271356583,-0.27903825,-0.267994106,-0.248550147,-0.286465645,-0.301301003,-0.299887478
c,0,0.095407099,0.174712151,0.242166638,0.302981675,0.176534384,0.234589219,0.281990111,0.323824346,0.164839238,0.236338854,0.289355397,0.335577309,0.145565063,0.219397724,0.273061752,0.319040239,0.119563311,0.187937587,0.234708846,0.279851973,0,0.029196024,0.005370438,-0.007139802,-0.017108798,-0.160670251,-0.207899928,-0.21847114,-0.222703218,-0.192666829,-0.242329538,-0.248755574,-0.233963609,-0.222774029,-0.271641374,-0.278188646,-0.265425354,-0.248226076,-0.287517548,-0.301249683,-0.298793316
c,0,0.094816625,0.174119055,0.242225587,0.303250313,0.176645249,0.234521091,0.282106042,0.323955119,0.165008873,0.235869229,0.288487613,0.335064411,0.145585835,0.218703538,0.271908283,0.317813456,0.119405687,0.187471926,0.234299958,0.279353142,0,0.028517127,0.004718721,-0.008496284,-0.01967752,-0.160707861,-0.207877934,-0.217846543,-0.221193492,-0.192562521,-0.242820621,-0.250163466,-0.23618269,-0.222548276,-0.272522151,-0.280274212,-0.267862022,-0.247835457,-0.287598729,-0.301785409,-0.299404442
d,0,0.075114042,0.151123941,0.187515467,0.14834407,0.136717916,0.158120424,0.174049079,0.190495402,0.073597193,0.089439571,0.101091236,0.114180982,0.009745508,0.026336223,0.041367024,0.046656251,-0.055192605,-0.034098163,-0.010050029,-0.002274483,0,-0.016130805,-0.083949506,-0.16715169,-0.234526694,-0.271812052,-0.37696591,-0.434328109,-0.470771715,-0.290233314,-0.42152822,-0.342475414,-0.281647742,-0.278415918,-0.319450825,-0.210488021,-0.156322718,-0.247533709,-0.270075023,-0.191519797,-0.156774998
d,0,0.0778642,0.152295753,0.188265547,0.151261702,0.138305232,0.160639122,0.175404862,0.192951009,0.074703246,0.088075772,0.100830302,0.114817157,0.007925406,0.025375858,0.040873632,0.046702757,-0.058213085,-0.036255158,-0.010933965,-0.002420709,0,-0.0172382,-0.087612629,-0.166494906,-0.230740994,-0.277292848,-0.384719998,-0.442108959,-0.48263739,-0.2942155,-0.428575099,-0.35076949,-0.283391833,-0.28048557,-0.32169652,-0.212794125,-0.156748056,-0.248271465,-0.279893756,-0.199130177,-0.159667194
d,0,0.080227435,0.157613277,0.1918917,0.153322905,0.138386816,0.161496371,0.177112818,0.195439786,0.074477851,0.091886327,0.105394736,0.117116868,0.008382797,0.029118285,0.046097264,0.04948625,-0.05786857,-0.033055089,-0.006126374,0.000305533,0,-0.020452797,-0.090902686,-0.172713637,-0.237153351,-0.280251831,-0.388814628,-0.445611924,-0.485622495,-0.296442032,-0.432402968,-0.35137853,-0.2839652,-0.282747388,-0.326903552,-0.219131529,-0.164848089,-0.250298142,-0.289904237,-0.210279286,-0.170264363
d,0,0.081022635,0.157492936,0.19140631,0.153944671,0.137568682,0.161082655,0.177301288,0.195818245,0.073860958,0.091860652,0.106723934,0.119000822,0.008111253,0.029402718,0.047244191,0.050609529,-0.057775766,-0.032549098,-0.004385516,0.002477035,0,-0.02011025,-0.090737879,-0.172531307,-0.238937855,-0.281234443,-0.392138571,-0.448783606,-0.487975627,-0.29627496,-0.434554696,-0.353194296,-0.284934461,-0.281346202,-0.327887148,-0.219681293,-0.164805651,-0.247958213,-0.290686369,-0.210549057,-0.169561744
d,0,0.083890632,0.163583428,0.194846869,0.152791083,0.139646977,0.162948072,0.179116696,0.198112309,0.076030865,0.094288632,0.108662069,0.121102661,0.010449201,0.033404514,0.050201923,0.053003609,-0.05530268,-0.028310947,-0.001295865,0.004147291,0,-0.021555424,-0.092428684,-0.178257644,-0.23835212,-0.281896085,-0.391100973,-0.446257293,-0.485597894,-0.296301603,-0.433508396,-0.351604998,-0.285031796,-0.281233877,-0.326138139,-0.21627146,-0.162311733,-0.247873873,-0.289551884,-0.207744598,-0.167208254
d,0,0.0824195,0.161375627,0.196883157,0.155576512,0.134372786,0.15741469,0.174089745,0.194850162,0.071365729,0.092204168,0.105306521,0.11886014,0.007409081,0.029985324,0.046052098,0.051382244,-0.056424782,-0.033055022,-0.007613972,0.000607803,0,-0.022785962,-0.091942847,-0.174093068,-0.234768957,-0.287797868,-0.398981065,-0.450400949,-0.482699841,-0.298312515,-0.430098295,-0.348120421,-0.281194389,-0.281179249,-0.326854229,-0.223492622,-0.169159353,-0.246128231,-0.287134469,-0.209280849,-0.166476309
d,0,0.087979838,0.171022847,0.213122949,0.19600524,0.144814149,0.170480683,0.19689329,0.225429311,0.085234389,0.123026744,0.139704362,0.147055611,0.021531418,0.061090901,0.066545561,0.059155986,-0.042158961,-0.000954017,0.013668582,0.008642688,0,-0.02040565,-0.091027379,-0.172637403,-0.222921222,-0.28921631,-0.397049427,-0.440848172,-0.468765259,-0.307011962,-0.426451027,-0.338316083,-0.268401504,-0.297968954,-0.314002305,-0.208547771,-0.164329171,-0.271723837,-0.272101462,-0.193116128,-0.165348172
d,0,0.085013956,0.167526603,0.2168203,0.20339489,0.139303684,0.176666975,0.21233058,0.247816861,0.08255583,0.136528492,0.161301017,0.16997385,0.022358775,0.07692489,0.078564852,0.063244611,-0.035972297,0.020076126,0.02709204,0.009503305,0,-0.020137608,-0.083964944,-0.156345248,-0.217598855,-0.292076707,-0.40231353,-0.440949798,-0.464722618,-0.313536793,-0.425182402,-0.338264912,-0.267739803,-0.30877772,-0.310761511,-0.198640764,-0.154224038,-0.283147663,-0.263313591,-0.186486602,-0.168192327
d,0,0.083597541,0.16985774,0.216952324,0.193595976,0.137833297,0.171589732,0.208927274,0.245452344,0.081591427,0.133942395,0.163082123,0.175246179,0.021514058,0.078255534,0.081544131,0.064188749,-0.039454997,0.018707573,0.02915442,0.012398064,0,-0.017391741,-0.081021965,-0.154147625,-0.223586231,-0.289145857,-0.400357425,-0.441655844,-0.464668006,-0.308497816,-0.428030372,-0.341353625,-0.26933068,-0.302811265,-0.317516625,-0.206720173,-0.160370767,-0.277868688,-0.272066325,-0.191400051,-0.163921297
d,0,0.065510303,0.154226154,0.208240896,0.186738342,0.129929423,0.160111547,0.202060491,0.236962944,0.076714247,0.120406717,0.152614594,0.167195171,0.019338489,0.066157848,0.069842339,0.054897487,-0.041645139,0.006946146,0.014491767,-0.002821028,0,-0.00239706,-0.068121076,-0.137627661,-0.207299411,-0.263936937,-0.372234255,-0.421573639,-0.443889037,-0.289670855,-0.406130314,-0.327972561,-0.258574218,-0.29021129,-0.297532767,-0.185053527,-0.138397217,-0.267909825,-0.247448683,-0.169912219,-0.14877367
e,0,0.077034235,0.146564752,0.147632241,0.092102706,0.129984885,0.166682839,0.151056856,0.131687313,0.080421597,0.117760718,0.10811922,0.086897671,0.029425949,0.062237084,0.064145625,0.044422418,-0.0247311,0.016391009,0.024347812,0.008900315,0,-0.018779755,-0.113146484,-0.214724541,-0.255970806,-0.228875101,-0.300318152,-0.222917229,-0.194980949,-0.251467079,-0.330143794,-0.239542842,-0.213250309,-0.250825167,-0.302404344,-0.20678404,-0.180671751,-0.23631382,-0.263805091,-0.195063472,-0.172986388
e,0,0.0774571,0.145046055,0.147550434,0.092364997,0.129381388,0.16579178,0.153222084,0.132940143,0.081034839,0.116011769,0.109878659,0.088140517,0.029255152,0.061971366,0.065901548,0.045722067,-0.027395695,0.01441437,0.025121808,0.009611934,0,-0.019702911,-0.115823448,-0.217900038,-0.257695615,-0.23143971,-0.303563803,-0.224218398,-0.194013417,-0.247874141,-0.331881389,-0.241082996,-0.217956781,-0.245822847,-0.305633485,-0.207031131,-0.181943536,-0.233015865,-0.265893221,-0.193109602,-0.168548405
e,0,0.077714592,0.145088315,0.145648569,0.088321269,0.128383279,0.165164739,0.150321066,0.129856795,0.079073727,0.115353733,0.106776297,0.084398985,0.026529789,0.059662879,0.062769115,0.0428451,-0.030516535,0.01276958,0.023149878,0.007535994,0,-0.021287441,-0.118184984,-0.221426576,-0.260093421,-0.232535899,-0.305210263,-0.223116398,-0.194881946,-0.249955803,-0.333710894,-0.23704496,-0.214138836,-0.249248028,-0.306868792,-0.20639509,-0.182145774,-0.237888128,-0.271303535,-0.197919995,-0.173190683
e,0,0.077745557,0.14351362,0.142778218,0.087505847,0.126962721,0.164278656,0.149713278,0.127324432,0.077902347,0.114191234,0.106565535,0.083650261,0.025572002,0.059313893,0.061745316,0.040796846,-0.031646788,0.012552857,0.022957265,0.007025659,0,-0.02243644,-0.118780434,-0.222091615,-0.260019302,-0.233252168,-0.305927634,-0.228013873,-0.197218597,-0.251704723,-0.335167706,-0.24450168,-0.21988374,-0.25165832,-0.306416273,-0.208965153,-0.183750451,-0.239876211,-0.270124763,-0.197627276,-0.172309428
e,0,0.078591645,0.14404726,0.14174965,0.087826014,0.127832651,0.16518569,0.152934551,0.131784052,0.079057872,0.115766138,0.108814567,0.085528672,0.026623785,0.060070336,0.063664585,0.042876065,-0.031083375,0.011235893,0.023091048,0.007393003,0,-0.021194398,-0.11624828,-0.220182598,-0.263290316,-0.227140486,-0.308539063,-0.226915449,-0.195918322,-0.245833725,-0.334558755,-0.238344491,-0.214665651,-0.245646805,-0.307025135,-0.208384752,-0.18497628,-0.235022306,-0.269937426,-0.196876019,-0.172131807
e,0,0.07859388,0.144161552,0.142329872,0.088237315,0.128498584,0.165347338,0.153021991,0.131997883,0.079084277,0.114996344,0.108412236,0.085345775,0.026280493,0.059518635,0.063823491,0.043223917,-0.031709492,0.010490417,0.022474319,0.007103413,0,-0.021496475,-0.119527519,-0.222522855,-0.262506157,-0.232666552,-0.309462458,-0.226757169,-0.196669936,-0.249283463,-0.334376052,-0.238053828,-0.216705292,-0.247422189,-0.308179498,-0.209296674,-0.187741727,-0.235826701,-0.270087719,-0.19718042,-0.174081355
e,0,-0.017983377,0.007491291,0.054343849,0.097644508,0.007363707,0.058122188,0.084285408,0.090299875,0.04745996,0.121541679,0.119079798,0.097324699,0.0858711,0.160010487,0.143560946,0.119577438,0.117549181,0.174870789,0.158146232,0.135890722,0,-0.085583389,-0.183036327,-0.250215888,-0.283498347,-0.203918457,-0.333133817,-0.332931399,-0.300936699,-0.165282667,-0.288770556,-0.263144493,-0.227441549,-0.122818887,-0.233584881,-0.207006693,-0.176935434,-0.078498065,-0.164028883,-0.148525059,-0.122934461
e,0,-0.018379539,0.009146512,0.059467405,0.103935659,0.010225981,0.062687099,0.094687283,0.106341809,0.049711615,0.127453446,0.129547894,0.110331029,0.086890042,0.164255351,0.149405241,0.125296205,0.116573244,0.175159872,0.159995645,0.138308793,0,-0.086357117,-0.182367861,-0.248137057,-0.285111666,-0.205027282,-0.330232739,-0.332018554,-0.30105567,-0.168067873,-0.285883904,-0.265421987,-0.235310018,-0.125914156,-0.227459073,-0.20331043,-0.177976966,-0.080201685,-0.159869671,-0.144054472,-0.121144414
e,0,-0.011725038,0.019283503,0.074695617,0.125488549,0.008419663,0.077412307,0.118323475,0.13372606,0.038924754,0.132727176,0.152708679,0.142531246,0.074128211,0.168011159,0.167858154,0.145770609,0.106643111,0.178268105,0.172812402,0.150852084,0,-0.090306044,-0.188830793,-0.251858115,-0.285502732,-0.206678569,-0.321475208,-0.329188526,-0.302966833,-0.167424738,-0.279848576,-0.265277445,-0.238972545,-0.122349262,-0.222432494,-0.198206723,-0.171532691,-0.076364636,-0.152663589,-0.137375116,-0.11465764
f,0,0.094994247,0.157167256,0.189743757,0.20120281,0.100333631,0.128600121,0.163834512,0.191235125,0.056866646,0.079703212,0.094333231,0.106545746,0.013514042,0.0228284,0.03028506,0.036644101,-0.035144538,-0.024525821,-0.019457012,-0.013915807,0,-0.056603134,-0.163744748,-0.26206845,-0.34752512,-0.324779928,-0.41183573,-0.404579371,-0.375652581,-0.349868417,-0.485576868,-0.563547671,-0.633173048,-0.347944677,-0.475731432,-0.556493163,-0.625463843,-0.323049009,-0.422663748,-0.48771131,-0.547533244
f,0,0.090010703,0.151112795,0.181117713,0.203423917,0.099677026,0.128361583,0.164576709,0.193314731,0.057006299,0.078970551,0.095957279,0.107692122,0.015140444,0.022864729,0.030172884,0.034529477,-0.03136754,-0.024730444,-0.022494078,-0.020480514,0,-0.056688964,-0.165194154,-0.269354939,-0.347751439,-0.320424259,-0.403895319,-0.404854149,-0.389711976,-0.348305821,-0.48206085,-0.563708872,-0.638459653,-0.348572731,-0.475229621,-0.558529854,-0.630601376,-0.325223982,-0.42596668,-0.489865661,-0.547315776
f,0,0.091691077,0.148905635,0.18021071,0.196154654,0.095731556,0.123027027,0.157251835,0.184785426,0.051280141,0.071893036,0.086158246,0.096880287,0.007208467,0.01530242,0.021686733,0.026118994,-0.040401876,-0.031683505,-0.029059589,-0.026316941,0,-0.057244539,-0.170823455,-0.27916199,-0.364948303,-0.322833419,-0.410233915,-0.41190961,-0.393773347,-0.348923743,-0.479849219,-0.560937941,-0.632773459,-0.346853375,-0.472000957,-0.554796606,-0.624300271,-0.321965516,-0.423102289,-0.486267447,-0.542133898
f,0,0.09171319,0.149967015,0.178151369,0.191364467,0.096883267,0.123348176,0.152897716,0.176428676,0.051396072,0.069024831,0.080844164,0.090795219,0.006862104,0.011323929,0.016940624,0.022682756,-0.040292919,-0.034601092,-0.031304181,-0.026764542,0,-0.059067905,-0.166041255,-0.27007401,-0.354759037,-0.311409414,-0.396116853,-0.407231152,-0.398301214,-0.339932263,-0.470910311,-0.553982258,-0.627367705,-0.340730608,-0.463035077,-0.54474178,-0.614197314,-0.317970872,-0.414841175,-0.475353837,-0.530018926
f,0,0.09781298,0.147045702,0.170277238,0.171354562,0.087673426,0.110231072,0.1386244,0.158503443,0.040347993,0.05441463,0.063915342,0.069372416,-0.005003989,-0.001683623,0.001966476,0.002747297,-0.051613241,-0.048609808,-0.047944814,-0.045522735,0,-0.069687605,-0.175171375,-0.279479563,-0.369510382,-0.315812767,-0.406422287,-0.415875822,-0.402599066,-0.339169979,-0.475942731,-0.558581442,-0.630246758,-0.337932289,-0.46189177,-0.54315713,-0.611229122,-0.317642748,-0.412463486,-0.475060821,-0.533096671
f,0,0.09906432,0.148602784,0.179512143,0.175084829,0.092112511,0.114184201,0.13797456,0.153606206,0.040165126,0.054525167,0.06098631,0.065286428,-0.006662339,-0.004033998,-0.001372755,-0.000443637,-0.05280222,-0.047212675,-0.045491174,-0.041956216,0,-0.07153964,-0.166837454,-0.2661255,-0.359820515,-0.304559946,-0.401036382,-0.415519148,-0.392994463,-0.328347027,-0.468369484,-0.551967889,-0.622537285,-0.329200208,-0.455082804,-0.537442863,-0.604203492,-0.314443886,-0.414759219,-0.475706458,-0.527027339
f,0,0.099146545,0.142216384,0.166213274,0.163439214,0.09600541,0.114705622,0.139092445,0.154256523,0.04484424,0.055595636,0.060973972,0.06183219,-0.002464473,-0.002857298,-0.000518024,-0.00180009,-0.050111189,-0.046920881,-0.04765512,-0.04799144,0,-0.076647818,-0.177787244,-0.28117007,-0.376014352,-0.308936536,-0.408183575,-0.418478072,-0.389536619,-0.333632648,-0.4729684,-0.559366167,-0.631556302,-0.333471358,-0.458666056,-0.54181844,-0.608585358,-0.316031158,-0.411807716,-0.474139452,-0.527309597
f,0,0.098028302,0.141028136,0.164229244,0.158153117,0.091958225,0.112377405,0.130467981,0.139272273,0.040623173,0.054811805,0.057503343,0.057317168,-0.006934866,-0.004712969,-0.00317651,-0.004106879,-0.055871546,-0.05197686,-0.051181197,-0.04934971,0,-0.074597418,-0.174895048,-0.279291332,-0.37579453,-0.30494374,-0.40582779,-0.421330869,-0.395851552,-0.327668965,-0.468617976,-0.555102229,-0.62980485,-0.327485144,-0.453167558,-0.538427413,-0.608550161,-0.311606526,-0.408587217,-0.473984241,-0.531390041
g,0,0.041076213,0.067237645,0.067380488,0.056954473,0.017023593,0.02561298,0.049590886,0.056657851,-0.004976392,0.017001629,0.044784337,0.049144834,-0.018337548,0.004901201,0.033049196,0.040013224,-0.026328787,-0.00375092,0.020207942,0.027320325,0,-0.013155937,-0.058700442,-0.111012518,-0.145837128,-0.1023193,-0.188000023,-0.185647249,-0.165622234,-0.118151903,-0.203104913,-0.189846039,-0.162676156,-0.127375305,-0.208331406,-0.195401847,-0.170256793,-0.132218242,-0.191845179,-0.190283239,-0.17336309
g,0,0.048199192,0.077925101,0.089560762,0.090725854,0.028065696,0.047493502,0.074848101,0.081144944,0.008636355,0.039429501,0.0684769,0.072211608,-0.001722857,0.030087158,0.058264002,0.063343331,-0.006169528,0.022523031,0.046116337,0.050845876,0,-0.009066999,-0.059470654,-0.116438746,-0.153933883,-0.123418748,-0.19596225,-0.181963563,-0.155277371,-0.140549481,-0.209397316,-0.184509277,-0.15265429,-0.149930835,-0.212510467,-0.18971014,-0.160972476,-0.153866291,-0.201263309,-0.190469384,-0.167533755
g,0,0.022730947,0.052563012,0.078556478,0.098143518,0.061799645,0.108000994,0.124769926,0.130112767,0.059805155,0.109145045,0.116527855,0.112345219,0.056625068,0.10027498,0.105499625,0.101621568,0.052597761,0.086569071,0.094470918,0.095225751,0,-0.030763686,-0.047347665,-0.044348478,-0.033699214,-0.069877684,-0.062003016,-0.041360676,-0.02478081,-0.05358386,-0.030661821,-0.00430578,0.011422038,-0.029233158,-0.003453493,0.018393755,0.029497325,-0.00190258,0.017354429,0.032481551,0.04030019
g,0,0.019846499,0.047935367,0.073766649,0.092121601,0.06308943,0.103539824,0.113616765,0.115240633,0.060676754,0.103363276,0.109602273,0.108300388,0.05788362,0.0960235,0.099285781,0.095678389,0.054083347,0.082331836,0.086942732,0.086850405,0,-0.037338316,-0.057357848,-0.059507966,-0.051974833,-0.089690685,-0.071887493,-0.050486267,-0.03701508,-0.076303959,-0.048759758,-0.0250687,-0.01040566,-0.055480659,-0.026752353,-0.002774715,0.012527168,-0.031750381,-0.004520237,0.015168309,0.028328478
g,0,0.028277099,0.060376585,0.087462187,0.105454624,0.073643088,0.117685854,0.128434479,0.129889309,0.068892121,0.115693748,0.124200642,0.124253571,0.063082278,0.104382515,0.11063081,0.109589398,0.056695819,0.086342096,0.095433891,0.099149287,0,-0.024005771,-0.035498977,-0.029660463,-0.016358674,-0.065515161,-0.047366202,-0.019762218,-0.000835001,-0.051993191,-0.021881938,0.008812964,0.028510988,-0.031191528,0.0016222,0.028634727,0.045287311,-0.006379485,0.019971788,0.03915143,0.051941395
g,0,0.004438698,0.039942138,0.084800966,0.126622438,0.139654666,0.101887807,0.05780182,0.048774324,0.138174102,0.078245245,0.034128956,0.027858861,0.124192238,0.065996677,0.026871897,0.021901861,0.10504666,0.057953253,0.026488446,0.023049869,0,-0.073183715,-0.139580488,-0.153896749,-0.116304338,-0.050160289,-0.085273266,-0.093496263,-0.079515636,0.004706025,-0.037762821,-0.044603527,-0.027910411,0.043289661,0.00722599,0.001643002,0.011676729,0.069841862,0.04917562,0.046530008,0.053641081
g,0,0.056952834,0.146555841,0.209368348,0.225193381,0.076860309,0.147378892,0.197752476,0.232876241,0.053117156,0.237095952,0.228166997,0.178840488,0.056452811,0.223292351,0.201486409,0.161708713,0.069307685,0.19587177,0.174328387,0.134128779,0,-0.103239954,-0.179942816,-0.187693805,-0.132084519,-0.179678321,-0.214852005,-0.237101734,-0.24358505,-0.092383921,-0.058181226,-0.06092006,-0.060855269,0.003595531,0.026026487,0.008956611,-0.001693308,0.096504807,0.099092603,0.076709747,0.067867756
g,0,0.047076076,0.139477491,0.223634452,0.262845784,0.090932071,0.178453058,0.241833359,0.294506401,0.081709445,0.25334999,0.264812082,0.244466633,0.088974357,0.24895075,0.253776282,0.232824713,0.103801936,0.22901997,0.232908934,0.218080372,0,-0.126478493,-0.200306326,-0.202448905,-0.150345832,-0.192970693,-0.243571997,-0.266724765,-0.280262351,-0.096248627,-0.095065296,-0.083513916,-0.083806276,-0.002438962,0.004974902,-0.015174985,-0.040814877,0.077334285,0.069228351,0.043860197,0.01953429
h,0,0.020778239,0.059003621,0.060093105,0.018926173,0.01120697,0.027679697,0.059174046,0.056488842,0.002353042,0.011104167,0.071432278,0.076303199,-0.003040701,0.024087533,0.071593165,0.076247886,-0.000114799,0.042892873,0.08068347,0.088532627,0,-0.116224468,-0.216698408,-0.256118864,-0.240687311,-0.119836569,-0.154450238,-0.200157523,-0.20676291,-0.023349345,-0.030898154,-0.112290978,-0.141079545,0.044357419,0.017807901,-0.061367273,-0.092567623,0.081665635,0.042245984,-0.021773517,-0.052659631
h,0,0.048857957,0.108251214,0.158460319,0.178293735,0.018341184,0.054602861,0.098662913,0.140384793,0.000228673,0.068597734,0.118091762,0.158174098,-0.000175297,0.100422531,0.136081338,0.150218338,0.012834519,0.089106113,0.114788294,0.124447048,0,-0.124463141,-0.207265675,-0.194363177,-0.142464519,-0.222608924,-0.25463593,-0.267318875,-0.262940079,-0.137646973,-0.167479038,-0.196109176,-0.205756247,-0.046424985,-0.050743341,-0.074863911,-0.089868784,0.043289185,0.032483041,-0.003399909,-0.034321785
h,0,0.025422305,0.073021859,0.137890607,0.188795477,0.020334601,0.07219851,0.118644089,0.161346465,0.01115182,0.0771887,0.129318625,0.176482558,0.012439042,0.098656207,0.138300031,0.163949221,0.023294955,0.086940318,0.116731405,0.13702932,0,-0.117590249,-0.196501493,-0.18094784,-0.158449888,-0.228084564,-0.252076656,-0.254296005,-0.254768223,-0.140763998,-0.173419297,-0.19878006,-0.217584968,-0.046815395,-0.049256742,-0.067995965,-0.090405941,0.046950758,0.041471779,0.011890411,-0.02240628
h,0,0.058678091,0.123317093,0.189094037,0.219510943,0.006995559,0.083271921,0.13729161,0.172346324,-0.00976035,0.100628734,0.150005668,0.175370067,0.001606673,0.158203989,0.166853577,0.142156065,0.030037791,0.151792109,0.158413917,0.140073121,0,-0.09641552,-0.167010546,-0.141191721,-0.111846745,-0.164750218,-0.175739884,-0.225547642,-0.243228406,-0.080393314,-0.118422568,-0.176307678,-0.191903591,0.003132522,-0.033432424,-0.066571414,-0.068680763,0.079352081,0.035446346,-0.015705407,-0.042905271
h,0,0.01601544,0.017334551,0.002711445,-0.015181661,0.026597232,0.007486999,-0.003032386,-0.006667644,0.007944524,-0.006257564,-0.016512901,-0.024574965,-0.012374878,-0.035921082,-0.035357416,-0.029432356,-0.031897962,-0.047862858,-0.045403853,-0.03946507,0,-0.03212896,-0.074996322,-0.102508754,-0.116255581,-0.097013414,-0.140700608,-0.137719035,-0.12932834,-0.091881961,-0.150248528,-0.183940977,-0.211988389,-0.081594646,-0.123067319,-0.107124984,-0.092003644,-0.06688121,-0.103756607,-0.090809137,-0.076077402
h,0,0.015126437,0.015773624,0.001878768,-0.013887823,0.026859254,0.007396638,-0.005687118,-0.012721777,0.008622527,-0.006257713,-0.01750347,-0.02665323,-0.011632323,-0.037885249,-0.037973404,-0.03215152,-0.032004982,-0.049774349,-0.047906548,-0.041788235,0,-0.035881072,-0.08106941,-0.112788647,-0.130425185,-0.099849373,-0.14478147,-0.148322016,-0.148525804,-0.093703598,-0.153810501,-0.188572675,-0.218034595,-0.083204061,-0.126646727,-0.11226958,-0.097342849,-0.069494456,-0.107138157,-0.096355975,-0.082782745
h,0,0.012466073,0.009936452,-0.009179235,-0.027445436,0.024737686,0.009812772,-0.003329486,-0.01417321,0.009364992,0.000529975,-0.007604778,-0.013490677,-0.008975327,-0.033152491,-0.034365743,-0.028606027,-0.028003693,-0.045908928,-0.045857966,-0.041254967,0,-0.025401145,-0.067433596,-0.093034685,-0.105659366,-0.080755204,-0.12295422,-0.14932543,-0.16990158,-0.073805511,-0.123776913,-0.154403627,-0.178576589,-0.063237518,-0.106390685,-0.093955487,-0.077555031,-0.049186051,-0.085871369,-0.078059018,-0.064043641
h,0,0.015217841,0.016504705,0.004673749,-0.009274423,0.027483612,0.007367283,-0.00812006,-0.019343674,0.009269118,-0.004634589,-0.015984297,-0.025248587,-0.010939479,-0.036428183,-0.03638503,-0.030367047,-0.031132966,-0.048608482,-0.04659541,-0.040267348,0,-0.037186325,-0.083565623,-0.117619783,-0.137118608,-0.10073787,-0.147354126,-0.160731792,-0.170527399,-0.093610555,-0.152837217,-0.188244283,-0.218173444,-0.083017677,-0.125738531,-0.111693561,-0.096412718,-0.069977582,-0.107162744,-0.096097827,-0.082386523
i,0,0.085270211,0.149045452,0.156373635,0.11235033,0.147119418,0.165883884,0.174961492,0.170431808,0.072257295,0.088753089,0.084225014,0.083609924,0.007541105,0.017520219,0.03093116,0.039488673,-0.056954846,-0.06723994,-0.077119306,-0.080473572,0,-0.041380048,-0.151051104,-0.272027314,-0.358342052,-0.327242196,-0.448239863,-0.454133183,-0.388217062,-0.342451543,-0.439912528,-0.326751083,-0.243473709,-0.342799962,-0.425361216,-0.320608675,-0.232596695,-0.326646119,-0.435416132,-0.508614302,-0.579242036
i,0,0.090295374,0.157459021,0.168683112,0.127888024,0.140686631,0.162372112,0.180510044,0.180458456,0.076470852,0.102511406,0.103095233,0.099906117,0.017403573,0.034255415,0.049095511,0.056299686,-0.043875679,-0.05146648,-0.057424426,-0.060701221,0,-0.049392045,-0.153020263,-0.268465221,-0.351102144,-0.340748399,-0.458857119,-0.448519558,-0.374895185,-0.349845409,-0.454652101,-0.334748596,-0.240020096,-0.347306222,-0.419763267,-0.307981819,-0.219435692,-0.332360685,-0.446363539,-0.519505501,-0.591524869
i,0,0.096121877,0.169928789,0.18457973,0.150401711,0.153185964,0.169882953,0.188589901,0.191856623,0.086368203,0.113531709,0.115246058,0.110277742,0.025964826,0.045893461,0.065174639,0.071307898,-0.037226647,-0.043579459,-0.046690986,-0.048482522,0,-0.051191211,-0.148897111,-0.262874424,-0.349592775,-0.338520706,-0.457183003,-0.447608769,-0.37509197,-0.351534069,-0.439466208,-0.322276056,-0.237056077,-0.354036361,-0.434577316,-0.322611153,-0.23122406,-0.341087371,-0.453855753,-0.525532246,-0.596854448
i,0,0.089521885,0.154762387,0.184860706,0.161012769,0.14652136,0.167320371,0.186416328,0.187613666,0.082603067,0.111688912,0.116048098,0.11270979,0.02368167,0.047334313,0.069134206,0.075891137,-0.035792887,-0.039710641,-0.039960444,-0.039224505,0,-0.049940944,-0.145959496,-0.249462008,-0.338273227,-0.333229899,-0.45558238,-0.439419746,-0.369122535,-0.345237046,-0.42403844,-0.307485402,-0.228864074,-0.349415809,-0.437621802,-0.324949682,-0.231355071,-0.338700503,-0.447025925,-0.520937979,-0.596074075
i,0,0.093289077,0.171537042,0.205526829,0.187113822,0.153318465,0.190657139,0.213909388,0.218152702,0.089801133,0.140310347,0.142562091,0.135084748,0.029618412,0.07698226,0.098753989,0.104486346,-0.033611119,-0.033655345,-0.024956793,-0.010751784,0,-0.043396771,-0.148360252,-0.255274296,-0.347848356,-0.344082952,-0.464805424,-0.44531408,-0.379104853,-0.358817697,-0.428480566,-0.309165418,-0.225786507,-0.362230241,-0.430482954,-0.31660825,-0.226575017,-0.349257588,-0.465972662,-0.541193128,-0.616952538
i,0,0.091439039,0.16461423,0.202093571,0.195274442,0.152247757,0.188660711,0.211489528,0.215226978,0.090667456,0.148287147,0.147890061,0.135225862,0.030698925,0.081799597,0.103670567,0.107997447,-0.03092891,-0.027996927,-0.016306818,0.000146687,0,-0.043375254,-0.145550191,-0.2453655,-0.341638267,-0.34331286,-0.461579531,-0.44188571,-0.383060575,-0.358342588,-0.42877388,-0.3061831,-0.222684085,-0.361775935,-0.424707919,-0.31275785,-0.229786038,-0.349162281,-0.467131525,-0.541560054,-0.617915124
i,0,0.092322588,0.172706246,0.207862079,0.192456067,0.149658144,0.190814853,0.211320639,0.217175543,0.089667857,0.145827293,0.146701336,0.138204992,0.03054145,0.085065067,0.104911089,0.109635472,-0.031270266,-0.025067747,-0.011743665,0.007784843,0,-0.041050792,-0.147175133,-0.246339977,-0.340396404,-0.343705833,-0.457254589,-0.435793877,-0.381167114,-0.358009696,-0.431695551,-0.306590915,-0.217616856,-0.357694089,-0.412183285,-0.294866264,-0.213909149,-0.342242956,-0.459887534,-0.53374964,-0.611562759
j,0,0.064458102,0.091561675,0.065796137,-0.000109106,0.034636796,0.038985163,0.05386138,0.05798316,-0.027964115,-0.030921519,0.002442628,0.020394266,-0.088295102,-0.093672693,-0.039844751,-0.00844276,-0.145201832,-0.197159246,-0.229227036,-0.261399791,0,-0.089318812,-0.221592546,-0.328605235,-0.360460997,-0.386510879,-0.497921199,-0.400218606,-0.322292328,-0.375176907,-0.491153359,-0.382420212,-0.305054665,-0.344099104,-0.431486547,-0.341999292,-0.272149801,-0.300162673,-0.408835053,-0.476491153,-0.546182454
j,0,0.059286535,0.086489439,0.08767736,0.049993962,0.021402597,0.055322945,0.094382584,0.11538434,-0.024744302,0.013609171,0.066307664,0.095271647,-0.074714899,-0.029615045,0.039083242,0.079110801,-0.118690431,-0.141537309,-0.157315195,-0.174791515,0,-0.10203892,-0.234949231,-0.338065565,-0.385116875,-0.404182285,-0.493694127,-0.430167168,-0.380092323,-0.391675591,-0.483994424,-0.404441297,-0.350049138,-0.3614133,-0.443315774,-0.358201206,-0.288551986,-0.317329824,-0.42941156,-0.501884282,-0.578140914
j,0,0.073368549,0.123686731,0.135697544,0.081556559,0.047492564,0.084708393,0.099055827,0.103471935,-0.00993067,0.0248577,0.059312582,0.076017916,-0.068383127,-0.028393149,0.030034244,0.061263025,-0.122005343,-0.153775752,-0.169269651,-0.183489233,0,-0.09101814,-0.211913288,-0.313237906,-0.366107702,-0.389831275,-0.47521013,-0.382413179,-0.317627907,-0.382507175,-0.470433563,-0.36087513,-0.287484229,-0.355638504,-0.429754317,-0.340840995,-0.277638793,-0.314233959,-0.419129789,-0.488624632,-0.569779962
j,0,0.077452958,0.127111375,0.147045791,0.105865419,0.049503982,0.09032923,0.117168963,0.127750814,-0.000427246,0.042027652,0.081522763,0.099700809,-0.053287685,-0.002043366,0.058481038,0.0906564,-0.101944208,-0.121116221,-0.132974267,-0.142839283,0,-0.089804769,-0.210403562,-0.310316682,-0.363117099,-0.379948944,-0.467280477,-0.385346681,-0.31551981,-0.372278273,-0.465386093,-0.362386227,-0.282740355,-0.347758234,-0.423468053,-0.336411119,-0.26944989,-0.309679687,-0.424026191,-0.493744075,-0.566859871
j,0,0.077206194,0.127514124,0.14920032,0.109082401,0.051648319,0.084427893,0.115985572,0.125843465,0.006114185,0.045305431,0.087475777,0.100541055,-0.042418063,0.003514886,0.065366685,0.094783723,-0.08760339,-0.112303317,-0.123237044,-0.133652121,0,-0.078790426,-0.201268792,-0.300818622,-0.346615314,-0.363489598,-0.46284014,-0.387368351,-0.321004272,-0.350063503,-0.448678911,-0.347161889,-0.267874539,-0.324342906,-0.406195998,-0.325607777,-0.261473656,-0.288108289,-0.398284853,-0.470366091,-0.541962951
j,0,0.080709875,0.133431852,0.160303175,0.123055816,0.061337233,0.099630952,0.126600146,0.134665072,0.01726371,0.058548093,0.095984221,0.10901475,-0.030153334,0.02058351,0.081652045,0.112110674,-0.074191391,-0.092037976,-0.102279961,-0.111304462,0,-0.075817108,-0.196808338,-0.292409956,-0.336185157,-0.355162382,-0.456709266,-0.375272512,-0.307071567,-0.343485415,-0.45122236,-0.345461965,-0.267081797,-0.321373463,-0.401698083,-0.318080664,-0.257841945,-0.291072607,-0.400861919,-0.472839773,-0.549220145
j,0,0.08056289,0.139071047,0.167784214,0.125819921,0.059549391,0.103357971,0.129988134,0.135514259,0.013644218,0.063400865,0.100096107,0.108292878,-0.034586132,0.018376052,0.078400791,0.106336296,-0.07820338,-0.095743001,-0.104892969,-0.114590585,0,-0.079533398,-0.201982558,-0.297000706,-0.334115982,-0.361511797,-0.457118481,-0.362382174,-0.291097641,-0.349289775,-0.438295752,-0.325729728,-0.246806026,-0.324038804,-0.399019897,-0.310602665,-0.245123923,-0.288832486,-0.395388216,-0.467120111,-0.540227383
k,0,0.102115497,0.130101234,0.114467591,0.106587768,0.095494032,0.120746508,0.128050819,0.134812564,0.037586734,0.049889863,0.065824747,0.076979563,-0.021368258,0.011246607,0.032285288,0.031547099,-0.078660503,-0.035737388,-0.010596171,-0.010713428,0,-0.099509239,-0.22436744,-0.327131569,-0.420502841,-0.339174151,-0.466023922,-0.544350982,-0.620097846,-0.331842422,-0.465026557,-0.555261433,-0.640028119,-0.296149254,-0.378811419,-0.274928927,-0.220664322,-0.255611658,-0.304671645,-0.225930393,-0.185936809
k,0,0.103734016,0.129054666,0.11410138,0.113785982,0.094861656,0.129405409,0.143912524,0.150840968,0.041389465,0.052410662,0.065337554,0.067544997,-0.016763926,0.01555641,0.037088439,0.033651173,-0.074722387,-0.03068985,-0.007043466,-0.009400457,0,-0.100349963,-0.239070833,-0.340293169,-0.436781943,-0.330943763,-0.440003633,-0.510557175,-0.578117698,-0.333776653,-0.474714398,-0.562206984,-0.642390102,-0.303438485,-0.389472544,-0.283440471,-0.23316592,-0.262500882,-0.317795515,-0.240474463,-0.20338589
k,0,0.098276392,0.130417675,0.118277818,0.115837991,0.09839502,0.131857842,0.145452261,0.152903557,0.044345737,0.053243414,0.067575157,0.072642416,-0.015502974,0.014938146,0.038537353,0.0366925,-0.075073346,-0.030478865,-0.008010074,-0.01295729,0,-0.095717549,-0.239384055,-0.343853593,-0.445382297,-0.33109498,-0.442746103,-0.514843822,-0.57954517,-0.338602066,-0.481443048,-0.570256919,-0.648575187,-0.31539619,-0.400029123,-0.294757247,-0.23742938,-0.282510161,-0.330358565,-0.254848838,-0.216690719
k,0,0.106219009,0.140660658,0.129584506,0.119800732,0.103226766,0.134322301,0.14754875,0.153589115,0.048339024,0.060471997,0.076064304,0.081234321,-0.011014521,0.023229763,0.04735291,0.042977467,-0.071249984,-0.02601923,0.000442311,-0.000192925,0,-0.099341989,-0.243420959,-0.347714722,-0.450361609,-0.340402186,-0.446654916,-0.526483506,-0.591549426,-0.349966049,-0.494839132,-0.582370788,-0.666452438,-0.327470601,-0.412067533,-0.304946125,-0.249657571,-0.295724511,-0.351865888,-0.276267707,-0.235273242
k,0,0.123169541,0.15697068,0.146734715,0.142700791,0.115050375,0.149980187,0.168305993,0.177801371,0.056917042,0.073363036,0.092848122,0.100846112,-0.004019499,0.034460291,0.061383188,0.06014137,-0.062132478,-0.010896966,0.016027585,0.016477704,0,-0.09853667,-0.240600526,-0.351121485,-0.454199165,-0.338508844,-0.445510268,-0.531328529,-0.594343036,-0.348487198,-0.497699916,-0.590171069,-0.671796322,-0.33002156,-0.422278404,-0.317096651,-0.254356146,-0.309158981,-0.354013383,-0.274812579,-0.227382958
k,0,0.110547394,0.14961198,0.142087191,0.144621968,0.110263169,0.146587223,0.16511488,0.175408542,0.054452926,0.070625991,0.090448111,0.099109709,-0.006430209,0.028346971,0.058210179,0.06089896,-0.065163173,-0.014686465,0.012230769,0.014055878,0,-0.098282933,-0.252071023,-0.36445719,-0.472068906,-0.349576175,-0.462877125,-0.539647281,-0.601568818,-0.361509562,-0.513519287,-0.605169445,-0.680978566,-0.34417963,-0.435383618,-0.331191182,-0.267702579,-0.319116712,-0.367232978,-0.285891712,-0.235491514
l,0,0.110139191,0.193719417,0.254627883,0.300438464,0.119696707,0.145154417,0.157640696,0.164529651,0.054571897,0.059106946,0.071855396,0.076750815,-0.009698451,-0.004455268,0.022991776,0.032820046,-0.075543359,-0.065973535,-0.036175042,-0.022864282,0,-0.053628385,-0.164834857,-0.243128181,-0.273563087,-0.347051024,-0.475440562,-0.551076651,-0.620432705,-0.351267338,-0.457355142,-0.333260357,-0.246171772,-0.323920786,-0.414665252,-0.28861022,-0.21835953,-0.273411214,-0.349134207,-0.264865279,-0.212055624
l,0,0.099793732,0.179823041,0.226641715,0.26841861,0.107112408,0.132532775,0.145625889,0.153259933,0.042961717,0.074473262,0.095683455,0.095169842,-0.020936936,0.011801422,0.03979522,0.038188875,-0.087154627,-0.050817311,-0.016475588,-0.012352794,0,-0.048587561,-0.167329371,-0.241469145,-0.280391753,-0.359537005,-0.486724794,-0.561179161,-0.629201233,-0.358446538,-0.449921131,-0.324496984,-0.242856741,-0.331518054,-0.393297553,-0.269830644,-0.211135685,-0.284996271,-0.342861474,-0.256054401,-0.209385991
l,0,0.088787973,0.163105309,0.204450369,0.246183991,0.092941523,0.108963788,0.120445073,0.127087772,0.030573666,0.071653366,0.091138899,0.085204959,-0.031537533,0.013908207,0.033665419,0.025659025,-0.096742451,-0.050983071,-0.021284372,-0.020653665,0,-0.044124484,-0.155418992,-0.230003774,-0.270608842,-0.34584868,-0.482667536,-0.557146341,-0.62637493,-0.345723331,-0.442898691,-0.31700182,-0.234374821,-0.32319963,-0.376546979,-0.254937828,-0.1955024,-0.283791125,-0.320509076,-0.244653225,-0.206608653
l,0,0.097247541,0.17171979,0.206407964,0.240437686,0.100080192,0.117976606,0.125646353,0.13094908,0.040221155,0.086795509,0.103224695,0.099341094,-0.018630147,0.032918572,0.046789348,0.037314355,-0.080572546,-0.029371977,-0.008877993,-0.013577342,0,-0.042040884,-0.160705626,-0.237900853,-0.278938591,-0.344018519,-0.469088256,-0.542898804,-0.611505836,-0.347578406,-0.440317631,-0.316272199,-0.232153356,-0.329997778,-0.365640163,-0.2451213,-0.189957798,-0.298688471,-0.312096477,-0.232493699,-0.200467885
l,0,0.090384841,0.162742615,0.198684871,0.23570019,0.097546279,0.118398845,0.127491891,0.134328067,0.03821975,0.087074876,0.108505428,0.105805457,-0.019843102,0.035446823,0.049567997,0.036940515,-0.081734866,-0.026619971,-0.006050646,-0.014617443,0,-0.035713792,-0.146777511,-0.221897244,-0.262428343,-0.335036814,-0.458196282,-0.53251037,-0.601737142,-0.339891076,-0.438126296,-0.313992083,-0.229464948,-0.323508143,-0.366384625,-0.239213407,-0.17951715,-0.290592909,-0.314146578,-0.231216848,-0.194216013
l,0,0.090471804,0.16542685,0.202323973,0.236010671,0.097342908,0.118516266,0.131577253,0.139944613,0.037322998,0.090236723,0.110459924,0.104013026,-0.021400213,0.039034367,0.054523647,0.040813208,-0.083257943,-0.022231698,0.000143886,-0.009013593,0,-0.035150528,-0.147070587,-0.220877647,-0.262824893,-0.33255887,-0.454059482,-0.528081089,-0.597448528,-0.340782046,-0.433630079,-0.311969578,-0.228366792,-0.325255573,-0.361814737,-0.241357625,-0.185265839,-0.291257381,-0.305277765,-0.225434184,-0.190484643
l,0,0.08834517,0.16743809,0.212120116,0.249269962,0.110637605,0.13244164,0.143579423,0.149506807,0.050244212,0.090038359,0.1042068,0.098989129,-0.011236429,0.030469418,0.048206449,0.042646348,-0.077276438,-0.033614546,-0.005974799,-0.004402459,0,-0.035697937,-0.141454458,-0.21329838,-0.254322171,-0.326794505,-0.456401169,-0.529534012,-0.596774936,-0.329345882,-0.430798262,-0.302729666,-0.218315542,-0.31115371,-0.366304994,-0.242058218,-0.177467644,-0.277943492,-0.320008755,-0.241985917,-0.197955191
m,0,0.066507444,0.072775349,0.01654157,-0.038150251,0.071796164,0.087915048,0.091958806,0.09013693,0.019590452,0.040619403,0.050302461,0.054273412,-0.035532266,-0.027276471,-0.001238436,0.013279676,-0.090335809,-0.070097849,-0.042698339,-0.027852163,0,-0.079235375,-0.216880977,-0.291294694,-0.326662838,-0.29267329,-0.385418087,-0.350757957,-0.292275935,-0.300388068,-0.408340335,-0.362124413,-0.296590626,-0.28440389,-0.40263617,-0.356385976,-0.299450874,-0.243923366,-0.299002886,-0.247051299,-0.19451189
m,0,0.071024239,0.078413278,0.019229144,-0.034440607,0.066556036,0.08467555,0.094457507,0.094441354,0.013398856,0.034415632,0.052857995,0.06036979,-0.041467577,-0.03403984,-0.000709757,0.016895249,-0.0968308,-0.072901443,-0.03882654,-0.02182132,0,-0.081620693,-0.219699442,-0.295508087,-0.334532678,-0.29972297,-0.40050748,-0.354327142,-0.286136657,-0.30304727,-0.415853888,-0.365162551,-0.295431674,-0.286008954,-0.414419711,-0.36651209,-0.30930829,-0.246686995,-0.311093241,-0.253210604,-0.195671499
m,0,0.072286546,0.077431947,0.010790139,-0.050985888,0.064007103,0.085244298,0.098592222,0.1004107,0.0109106,0.035705507,0.058145761,0.066305965,-0.044659451,-0.035071984,0.005033582,0.025798351,-0.102353826,-0.075588807,-0.038075119,-0.019850165,0,-0.081632316,-0.228420675,-0.307176769,-0.344583809,-0.308297366,-0.404176474,-0.359276652,-0.289965332,-0.311450541,-0.427818775,-0.375873446,-0.299664795,-0.293565571,-0.426462829,-0.372514337,-0.306811333,-0.25230366,-0.318045706,-0.257426977,-0.197010756
m,0,0.078181684,0.094013125,0.030145019,-0.031619608,0.07313171,0.101351887,0.122305602,0.130425662,0.019918859,0.055362195,0.08940503,0.107481509,-0.036918998,-0.014154524,0.032930553,0.059122711,-0.097336531,-0.05730173,-0.017638832,-0.000365406,0,-0.081686556,-0.22839278,-0.313429445,-0.358934045,-0.328155577,-0.416381121,-0.367583454,-0.303811312,-0.331611037,-0.441221297,-0.3840684,-0.31437853,-0.314616561,-0.447127759,-0.385514468,-0.319221109,-0.271883547,-0.33734718,-0.270521998,-0.210887432
m,0,0.079360902,0.09621194,0.025293767,-0.040152848,0.067785352,0.097412616,0.12163958,0.128356427,0.014651656,0.051733434,0.087664455,0.100190312,-0.040906698,-0.018616498,0.030125648,0.053413481,-0.099574387,-0.060414702,-0.023261875,-0.009125113,0,-0.082847834,-0.233672976,-0.317855775,-0.361932993,-0.323693454,-0.415779442,-0.361924469,-0.287313282,-0.324126363,-0.436430454,-0.3765845,-0.296102226,-0.30714184,-0.448262751,-0.381850302,-0.308078557,-0.266964674,-0.337108701,-0.266927123,-0.200726748
m,0,0.079455525,0.097249061,0.040351659,-0.018092543,0.058018595,0.092157215,0.122109205,0.133174986,0.009165853,0.048465401,0.092666656,0.111308187,-0.043409586,-0.018482,0.035728186,0.061797231,-0.098994642,-0.054183096,-0.016054064,-0.004136324,0,-0.085484505,-0.231112778,-0.316069186,-0.365230054,-0.326338559,-0.415034652,-0.366627365,-0.296156049,-0.328830928,-0.438565254,-0.384708941,-0.309709877,-0.314774245,-0.449355155,-0.391128212,-0.322576195,-0.276450336,-0.342179805,-0.279287577,-0.216370702
n,0,0.086158454,0.107350826,0.056813329,0.006952733,0.096277714,0.121318668,0.136264145,0.137531579,0.036727667,0.068015963,0.090456992,0.096513391,-0.027360529,-0.009055421,0.019966513,0.030257493,-0.094823286,-0.065753073,-0.034195989,-0.022063255,0,-0.086928546,-0.233051181,-0.339569122,-0.41335246,-0.332067847,-0.411371529,-0.347957641,-0.272104859,-0.345418632,-0.453591228,-0.376546443,-0.295593262,-0.334609151,-0.435046524,-0.330790579,-0.246431887,-0.297658801,-0.361152261,-0.284316003,-0.223200321
n,0,0.084485948,0.100634873,0.065823615,0.024830282,0.078602225,0.109292507,0.141392231,0.157577336,0.02789855,0.069319427,0.110405564,0.129500091,-0.030771166,0.002795398,0.03903085,0.049322963,-0.095648408,-0.049807012,-0.014676869,-0.006215483,0,-0.108006656,-0.255781889,-0.360982239,-0.441002667,-0.37133804,-0.446585894,-0.389730901,-0.322652042,-0.376406908,-0.472325176,-0.393441379,-0.322327852,-0.360074073,-0.458467811,-0.35009557,-0.268875659,-0.31672591,-0.375681102,-0.295787632,-0.23767817
n,0,0.076537788,0.089531124,0.073975146,0.055782735,0.043561697,0.087219298,0.122558057,0.133742273,-0.001240015,0.051248968,0.091622055,0.099585891,-0.052168101,5.54E-05,0.038516104,0.040309489,-0.107813179,-0.048141897,-0.012817681,-0.013244033,0,-0.131040335,-0.268764675,-0.369480073,-0.45212248,-0.387703061,-0.461384773,-0.391500294,-0.32190603,-0.385518491,-0.474603355,-0.369178176,-0.29135716,-0.366450667,-0.467303336,-0.348622203,-0.265757322,-0.322458744,-0.385534406,-0.308125257,-0.252487302
n,0,0.088079929,0.110895216,0.092244148,0.058962286,0.048539102,0.094831765,0.1357072,0.149344087,0.006423116,0.059387565,0.099613011,0.103066981,-0.043107986,0.012592435,0.04470557,0.034077883,-0.10073635,-0.03347367,-0.005020857,-0.018921137,0,-0.119939923,-0.254265487,-0.352256954,-0.439442813,-0.362562895,-0.442402363,-0.376620293,-0.299928725,-0.363783538,-0.462878317,-0.361398637,-0.280046344,-0.3511917,-0.451224208,-0.337127805,-0.257147551,-0.317017317,-0.376744807,-0.304960787,-0.253483355
n,0,0.09129858,0.116006851,0.098270416,0.069920957,0.040818155,0.095166683,0.138281822,0.154412866,-0.00141567,0.060230672,0.100684345,0.105028391,-0.046217322,0.025301695,0.055976272,0.043046296,-0.094213128,-0.015657306,0.007717311,-0.011189759,0,-0.122147202,-0.243939221,-0.339243114,-0.428769886,-0.358554125,-0.429735839,-0.368475497,-0.295085132,-0.360096335,-0.452316701,-0.350230873,-0.262959778,-0.348004103,-0.432276875,-0.319639444,-0.243324518,-0.316438496,-0.369948268,-0.297511697,-0.247191668
n,0,0.099002898,0.127634346,0.111036479,0.084451139,0.070251226,0.111131251,0.153097987,0.168523788,0.029081941,0.083565891,0.121485531,0.122761905,-0.017261982,0.042821825,0.067307591,0.048778713,-0.070182502,-0.001493454,0.019163549,0.000182569,0,-0.112344027,-0.226002634,-0.314647615,-0.394122541,-0.317769408,-0.412035465,-0.361683547,-0.291482687,-0.325408995,-0.441115618,-0.349579275,-0.270327985,-0.319665015,-0.417360246,-0.301159382,-0.229493558,-0.297389627,-0.34992671,-0.278470159,-0.235490799
n,0,0.090733707,0.116465688,0.100967944,0.077131867,0.056412935,0.09768635,0.135789037,0.148586035,0.016800702,0.067208886,0.104512334,0.107771456,-0.02950424,0.028199792,0.053374767,0.037643731,-0.084533751,-0.017835498,0.003706455,-0.015127122,0,-0.108977795,-0.229942679,-0.319328189,-0.398752153,-0.332969427,-0.411051452,-0.351405859,-0.27845645,-0.334412634,-0.434749126,-0.339201272,-0.258278549,-0.325536609,-0.413288534,-0.299606085,-0.225289464,-0.299739242,-0.35496664,-0.282217741,-0.233353555
o,0,0.083280861,0.145341098,0.202037752,0.238965213,0.11612004,0.166030824,0.199233115,0.213644445,0.103114188,0.164639711,0.203379929,0.216966212,0.082539648,0.149657339,0.19168067,0.206560612,0.058761865,0.126685232,0.170363963,0.197563648,0,-0.007508576,-0.050245047,-0.086180538,-0.144603848,-0.174838126,-0.218131572,-0.190893292,-0.155608624,-0.201083779,-0.261426479,-0.227863252,-0.174380124,-0.229368359,-0.284235656,-0.23996675,-0.179758877,-0.248992264,-0.277218729,-0.250190139,-0.205811173
o,0,0.088332385,0.15559423,0.215107411,0.241667032,0.121854484,0.175939202,0.20657897,0.216082484,0.106117755,0.171319336,0.208222449,0.219496578,0.083792567,0.150618881,0.191449642,0.204384059,0.058073282,0.121825218,0.164961338,0.192199141,0,-0.013385952,-0.049460173,-0.086616158,-0.154763788,-0.169744164,-0.216233075,-0.185834348,-0.147517413,-0.197029561,-0.264146686,-0.226447135,-0.169526994,-0.223051071,-0.284109116,-0.243389785,-0.186399221,-0.239551246,-0.278359711,-0.25745973,-0.219632924
o,0,0.085145444,0.153655529,0.213459551,0.240774661,0.120340914,0.176186174,0.206632078,0.213476419,0.102555662,0.168790072,0.205449492,0.215754092,0.078019679,0.145073414,0.186249375,0.19884479,0.049409986,0.111872703,0.15683499,0.185536683,0,-0.011143446,-0.052158654,-0.090130061,-0.162822366,-0.181550354,-0.240148008,-0.203218341,-0.155625075,-0.206815898,-0.282796144,-0.23606652,-0.174167305,-0.230274618,-0.288233578,-0.236207902,-0.17429474,-0.243473321,-0.283010304,-0.258699179,-0.219946086
o,0,0.086281419,0.153272927,0.21055764,0.236935735,0.120899767,0.175677538,0.207859725,0.214381695,0.101579845,0.16773209,0.201355189,0.208228946,0.074716866,0.139043242,0.177563876,0.1887905,0.042491823,0.104627371,0.148701251,0.176670194,0,-0.012958348,-0.053244591,-0.093629599,-0.164492339,-0.185049862,-0.252131253,-0.215765595,-0.169341862,-0.211007357,-0.286453485,-0.239383101,-0.179302871,-0.235576749,-0.299360991,-0.25076586,-0.188466579,-0.251527935,-0.293893069,-0.27137512,-0.230977535
o,0,0.086622909,0.154986709,0.211717486,0.238232702,0.124851346,0.181552351,0.21330452,0.219585627,0.104168117,0.169671983,0.20550251,0.213291317,0.075295091,0.138843834,0.181233585,0.194868714,0.040376008,0.099494934,0.145361364,0.174272925,0,-0.016222119,-0.061004639,-0.103792161,-0.172220945,-0.192872912,-0.258643061,-0.217946708,-0.16979149,-0.217175543,-0.299651951,-0.246954501,-0.18358627,-0.240197539,-0.30134213,-0.247319847,-0.183182389,-0.254090309,-0.297179699,-0.272661507,-0.23140344
o,0,0.088230163,0.157637253,0.213535145,0.234090313,0.126477346,0.181205258,0.215786561,0.225809082,0.104937389,0.169245079,0.205150589,0.214604661,0.075165346,0.138195738,0.178450122,0.191852018,0.04020749,0.101468503,0.145772532,0.1731527,0,-0.013791978,-0.058441162,-0.103022307,-0.171404123,-0.192798644,-0.261418849,-0.220197976,-0.171711296,-0.217553198,-0.299164295,-0.247191846,-0.186198056,-0.240142077,-0.302935332,-0.247430831,-0.183672011,-0.254368246,-0.29816708,-0.270210087,-0.225908488
o,0,0.08883436,0.15851225,0.214485809,0.23605077,0.127260044,0.182169959,0.215964958,0.225002453,0.105231658,0.170042321,0.205532059,0.214301333,0.075182974,0.138507351,0.178823546,0.192254737,0.039862409,0.100918263,0.145462945,0.173192993,0,-0.0138098,-0.058412015,-0.101993918,-0.170319647,-0.193862259,-0.261882901,-0.219046831,-0.169296771,-0.218585223,-0.299917877,-0.245692074,-0.183234692,-0.241147816,-0.303186536,-0.24641487,-0.182201982,-0.255187809,-0.297496706,-0.268784642,-0.224594027
p,0,0.147650272,0.251582712,0.253715158,0.211535186,0.229313821,0.248957843,0.250854462,0.257920146,0.157213986,0.17160356,0.18168509,0.184732765,0.0874075,0.114229023,0.13697654,0.1523467,0.03048715,0.064240545,0.098772869,0.134652317,0,0.062207162,0.109655142,0.181190848,0.255755186,-0.082592636,-0.068666101,-0.031771481,0.01360774,-0.105978757,0.073050737,0.22572279,0.359741628,-0.091159999,0.144498467,0.246571481,0.315558016,-0.053441226,0.148167551,0.22437197,0.27263701
p,0,0.120379597,0.231786728,0.256755143,0.26634264,0.162850767,0.205352008,0.233524024,0.263679296,0.099005461,0.133880585,0.14876017,0.15489167,0.047268301,0.086057633,0.120417148,0.146374017,0.011177197,0.050165385,0.086782068,0.124462396,0,0.028415501,0.110545218,0.216242909,0.302507341,-0.041564941,-0.01208365,0.02658996,0.078366458,-0.039272457,0.153382063,0.304819047,0.433959067,-0.007324338,0.236255825,0.331947148,0.387773454,0.036256015,0.234815001,0.30231303,0.341169417
p,0,0.105239198,0.194547191,0.208184376,0.202126995,0.168054029,0.188210204,0.199585006,0.219859436,0.107456639,0.118495032,0.129944697,0.139741942,0.048021957,0.060115382,0.08073993,0.09828268,0.002566755,0.028370187,0.054092124,0.082545921,0,0.050031871,0.114306599,0.192232102,0.250976831,-0.038750857,-0.024998158,0.007766277,0.054891735,-0.038362473,0.129306227,0.265679091,0.38728407,-0.008601189,0.207977921,0.307175964,0.370945662,0.03780362,0.211585313,0.266743392,0.300142139
q,0,0.098376036,0.176128745,0.197250128,0.213343978,0.294188261,0.323229194,0.341881573,0.358260751,0.233866394,0.201134324,0.150384724,0.146827817,0.1499511,0.129606724,0.091269791,0.092522144,0.063824415,0.059796154,0.036910057,0.03869772,0,0.092087492,0.231383488,0.380302176,0.489984199,0.154414698,0.346915469,0.467903242,0.56283544,0.124190167,0.380495653,0.347115263,0.276883826,0.111017749,0.348594174,0.308434233,0.241417512,0.105484173,0.281371638,0.254416779,0.192324892
q,0,0.109517992,0.189569294,0.208860815,0.224471271,0.30433023,0.33516109,0.349396586,0.362639487,0.245736659,0.20669806,0.158840001,0.162488461,0.160656571,0.132820308,0.095911264,0.101035774,0.072008312,0.064287782,0.04446727,0.049350321,0,0.084078312,0.217995077,0.361847162,0.472539306,0.151777595,0.338013411,0.459523857,0.554532588,0.125162661,0.377710581,0.341561139,0.270703614,0.111724824,0.34032464,0.292400599,0.223728627,0.105211437,0.282975256,0.256180137,0.198428869
q,0,0.109530181,0.195142299,0.21751532,0.231488436,0.309301823,0.338409871,0.354605883,0.370688409,0.252168089,0.218584329,0.170021862,0.166127414,0.174149603,0.146226376,0.109178573,0.110607535,0.091888934,0.08449164,0.062474817,0.064069301,0,0.091474101,0.21917893,0.360096142,0.464166388,0.141738281,0.326285288,0.43784301,0.527598783,0.118010327,0.372610793,0.343618438,0.280597642,0.105444357,0.334675238,0.289270088,0.224658057,0.10019736,0.277729765,0.24901177,0.191606358
q,0,0.116398513,0.204499781,0.228418052,0.242674053,0.307293177,0.336879015,0.352533996,0.364865184,0.245705426,0.225923002,0.179444492,0.17206645,0.162720501,0.1462363,0.111114085,0.107683182,0.075869322,0.076751828,0.058582902,0.057733983,0,0.089312539,0.222600743,0.364401653,0.473740652,0.14330624,0.326152816,0.440844491,0.529841796,0.119347081,0.374394909,0.361038223,0.306591645,0.108435884,0.338270321,0.310883656,0.255227491,0.105309889,0.287978306,0.279741392,0.235183224
q,0,0.115357488,0.205487281,0.234734148,0.253009409,0.306856126,0.334059209,0.34713158,0.357923001,0.245035559,0.218069047,0.172111839,0.170694143,0.161473483,0.138345689,0.102438986,0.106863052,0.075243086,0.071137249,0.052099317,0.05556792,0,0.086669058,0.218435436,0.365448266,0.481726319,0.134687394,0.319838554,0.435397714,0.524515063,0.110108316,0.367775351,0.339603513,0.272314191,0.099212289,0.332092196,0.284944445,0.216247708,0.094707102,0.276060134,0.246790379,0.184091032
q,0,0.114028275,0.208604395,0.246595085,0.275676727,0.301778555,0.327232301,0.337243378,0.345835805,0.241770804,0.207797587,0.168353975,0.172457397,0.160200179,0.140038908,0.10539934,0.108902335,0.074876249,0.074046493,0.052125216,0.052195847,0,0.076263905,0.203513443,0.348109394,0.459875733,0.121406108,0.305087656,0.413798422,0.50101307,0.097180635,0.342925876,0.310018986,0.245127201,0.086313963,0.318000287,0.272681326,0.208680123,0.081636071,0.265743822,0.238313735,0.177845806
q,0,0.102616727,0.201960623,0.244668961,0.273298472,0.255314946,0.27296409,0.280772179,0.291163653,0.191458434,0.178207606,0.150025189,0.153169602,0.118326455,0.109284997,0.087613881,0.097908586,0.044753641,0.045318156,0.029907793,0.033858746,0,0.047802195,0.19095619,0.348150656,0.454183981,0.126681909,0.311660811,0.420988128,0.51188843,0.109769359,0.356960818,0.317444548,0.25289236,0.110024467,0.346360907,0.291006014,0.22365661,0.118598446,0.301723525,0.257602498,0.189762667
q,0,0.106064826,0.19103381,0.219875991,0.23799628,0.22695291,0.250430584,0.258361936,0.267325491,0.156435877,0.148686945,0.131066799,0.131357133,0.078455627,0.080843836,0.068595648,0.071271092,0.002321675,0.019966319,0.015084088,0.013104528,0,0.032192871,0.173522159,0.326550826,0.434912011,0.122306988,0.306764647,0.414529666,0.502590403,0.111920759,0.35195528,0.314169332,0.248277858,0.115124986,0.333630487,0.283491835,0.221203789,0.123950288,0.296448633,0.252592012,0.185974553
r,0,0.071937785,0.124647573,0.11582084,0.075480238,0.119435742,0.137510672,0.142371431,0.142089322,0.074020967,0.115036562,0.150754943,0.176871106,0.019430771,0.049516633,0.073163643,0.081755653,-0.037625059,0.002017751,0.025320634,0.029229224,0,-0.03591454,-0.142106831,-0.235611618,-0.30529809,-0.295036495,-0.407109261,-0.480540037,-0.549227327,-0.31242317,-0.433748662,-0.501820445,-0.563919276,-0.301815629,-0.402388394,-0.334228814,-0.276321709,-0.269319952,-0.307654738,-0.244389534,-0.191473186
r,0,0.074023128,0.128482908,0.117431402,0.079011381,0.121144533,0.137447149,0.14168787,0.142328829,0.074327856,0.112730622,0.146286309,0.171119124,0.018588677,0.049743533,0.070707232,0.078164279,-0.038962334,0.000132024,0.024217203,0.030117452,0,-0.040305316,-0.144897342,-0.236915946,-0.307571411,-0.306017578,-0.4183321,-0.489992738,-0.558645815,-0.322104156,-0.441684365,-0.505894601,-0.56621626,-0.310330689,-0.406793833,-0.328251302,-0.266789377,-0.275001168,-0.311196983,-0.244457126,-0.191467762
r,0,0.074835986,0.128763974,0.119270355,0.078525156,0.118808359,0.133885562,0.137251049,0.137005806,0.072318494,0.108454943,0.141867936,0.16647169,0.016970336,0.04751274,0.068901539,0.07600829,-0.039188668,-0.000156492,0.025196537,0.032394081,0,-0.042814076,-0.150278032,-0.243479729,-0.310705185,-0.311747134,-0.425057352,-0.496804744,-0.566039205,-0.327805221,-0.448118031,-0.512790561,-0.574051738,-0.315253139,-0.409628332,-0.328069508,-0.265134931,-0.279416382,-0.31344825,-0.248519838,-0.197138608
r,0,0.075797915,0.127790272,0.116068542,0.075973988,0.11557138,0.128858596,0.131777614,0.130613565,0.068682313,0.10371989,0.136250854,0.159685075,0.012996227,0.042782187,0.063481212,0.070097476,-0.043602675,-0.004340559,0.021149099,0.028121069,0,-0.045507073,-0.153344631,-0.24644345,-0.316780984,-0.314241171,-0.42781508,-0.501216441,-0.570944995,-0.329564571,-0.45342654,-0.517884523,-0.578799069,-0.316609859,-0.414884806,-0.330815971,-0.268333733,-0.280375957,-0.315845966,-0.248207629,-0.196861386
r,0,0.075097144,0.125791132,0.112511277,0.07292071,0.113732517,0.124584377,0.125481308,0.123128623,0.066158831,0.10157755,0.134270668,0.158347249,0.010258213,0.038895383,0.062767625,0.072326958,-0.04632701,-0.008123279,0.018654197,0.026944011,0,-0.046545565,-0.153168321,-0.245808661,-0.317484796,-0.315148234,-0.428027272,-0.500141561,-0.569098234,-0.329685569,-0.455906034,-0.520940721,-0.581345826,-0.31551975,-0.415454328,-0.335586786,-0.273576319,-0.277761698,-0.31630522,-0.249378502,-0.195785224
r,0,0.073380217,0.121939167,0.10583587,0.064092889,0.110825464,0.120673403,0.120777562,0.117816612,0.062864557,0.096552178,0.127448425,0.150509879,0.00729461,0.033759356,0.056331262,0.065886572,-0.049317077,-0.013382599,0.014080986,0.024550766,0,-0.049490988,-0.158465803,-0.251185775,-0.322042763,-0.31806922,-0.433532178,-0.506307185,-0.575782508,-0.331987202,-0.459593296,-0.523685992,-0.582987249,-0.316559017,-0.418583572,-0.340997875,-0.279219329,-0.278166354,-0.314149916,-0.248792648,-0.195818782
r,0,0.072794646,0.120329082,0.10345307,0.060747504,0.108159602,0.117045403,0.11570555,0.110871613,0.059749186,0.093779832,0.124296188,0.146605581,0.003903866,0.029445902,0.052979261,0.063419759,-0.05261597,-0.0170421,0.010771438,0.021379426,0,-0.051270127,-0.160952747,-0.253788292,-0.323987126,-0.319087267,-0.433741868,-0.506800205,-0.576847643,-0.332731843,-0.461585283,-0.526771277,-0.587437749,-0.316411376,-0.41929245,-0.341379702,-0.279409945,-0.276631236,-0.314842641,-0.249474823,-0.196435988
r,0,0.074877009,0.120186374,0.106025919,0.063978985,0.106769547,0.116593137,0.117459729,0.11502488,0.058421716,0.090987548,0.12066175,0.142889693,0.002818629,0.027694911,0.052155271,0.06336005,-0.053079292,-0.017970428,0.010758787,0.022653297,0,-0.053238392,-0.160874665,-0.251443028,-0.319959283,-0.324508309,-0.437590778,-0.509536088,-0.576801389,-0.335588932,-0.462004244,-0.527141422,-0.588006496,-0.316614628,-0.41805321,-0.342086196,-0.281371653,-0.273897469,-0.314763606,-0.251892507,-0.199759185
r,0,0.074331254,0.120995164,0.108329773,0.065489918,0.107336938,0.117158294,0.118173003,0.115735888,0.059318572,0.091514558,0.122362286,0.145382792,0.003848806,0.027992696,0.052670956,0.063488215,-0.051426232,-0.015755534,0.012592286,0.022982478,0,-0.051405907,-0.15871191,-0.250476003,-0.319061995,-0.321339488,-0.43561095,-0.50905776,-0.578004599,-0.333016694,-0.460369587,-0.527498871,-0.590189427,-0.314550698,-0.416334569,-0.338873506,-0.277219832,-0.272319138,-0.312642276,-0.249515712,-0.197939575
r,0,0.075222075,0.123323232,0.111469716,0.06788829,0.109245658,0.11994037,0.121644765,0.120111644,0.061363339,0.093497574,0.124719083,0.148233294,0.006341055,0.03042233,0.056057453,0.067471713,-0.048837095,-0.013133764,0.014972433,0.024904445,0,-0.049537659,-0.156459928,-0.249399304,-0.316523194,-0.319160581,-0.433928549,-0.507626951,-0.576443583,-0.330917656,-0.458527505,-0.526216,-0.588225603,-0.312788188,-0.416143119,-0.341129541,-0.279370308,-0.271174312,-0.314119637,-0.251925349,-0.199114859
r,0,0.064497665,0.111868843,0.09846352,0.051520988,0.093896732,0.105260894,0.106457338,0.102971718,0.046325788,0.081546798,0.114184961,0.138004765,-0.007240638,0.018663868,0.046457186,0.058517084,-0.062564358,-0.024347767,0.00503467,0.015049398,0,-0.023397148,-0.12936306,-0.225846767,-0.295001149,-0.281274259,-0.395456314,-0.469288707,-0.535983086,-0.297107279,-0.422660291,-0.491905689,-0.555877864,-0.280963898,-0.384345353,-0.319180608,-0.263711035,-0.240442038,-0.279208958,-0.218264103,-0.167503059
s,0,0.074175775,0.122293055,0.09075132,0.031600043,0.113047302,0.133799136,0.136116117,0.124754846,0.050225258,0.065104336,0.079249024,0.076571822,-0.014461339,-0.002938405,0.021155253,0.021729842,-0.079769179,-0.060072571,-0.030115277,-0.023384333,0,-0.046896219,-0.171555161,-0.284754425,-0.347465068,-0.289834738,-0.41101265,-0.338205963,-0.274645656,-0.309225231,-0.468782544,-0.386646926,-0.329329133,-0.291921854,-0.371666968,-0.271509349,-0.228300631,-0.252706617,-0.297417611,-0.231224,-0.201930642
s,0,0.082754403,0.128403723,0.095238924,0.036012903,0.118160903,0.141372323,0.139422148,0.124954134,0.054347277,0.073095232,0.083763719,0.077207774,-0.011901289,-0.00176096,0.019986719,0.0177809,-0.078560874,-0.057317585,-0.027383089,-0.022216037,0,-0.062650919,-0.189033091,-0.30420652,-0.368604541,-0.305597305,-0.430774927,-0.353300691,-0.285824239,-0.323090076,-0.491110265,-0.41116637,-0.346759111,-0.306486398,-0.394139409,-0.293783993,-0.238553226,-0.267403781,-0.320459694,-0.252839327,-0.214131296
s,0,0.088876113,0.13344495,0.096845612,0.039383635,0.125248566,0.146259233,0.144384041,0.130695745,0.06066151,0.075515017,0.085243478,0.080035672,-0.006300911,0.002319142,0.022070706,0.02089259,-0.075126857,-0.059273049,-0.029409274,-0.020606205,0,-0.072458029,-0.189915299,-0.305863172,-0.375907272,-0.309952557,-0.435715199,-0.365245342,-0.299154192,-0.328362375,-0.499254495,-0.424235791,-0.358646065,-0.312556386,-0.407776326,-0.311019897,-0.25337851,-0.273980558,-0.331751436,-0.267862916,-0.226411998
s,0,0.091276407,0.134130299,0.095345408,0.038252175,0.123110145,0.144709766,0.141951352,0.126331091,0.058645636,0.074682057,0.084590107,0.077906013,-0.008213356,0.001810476,0.023090631,0.021650404,-0.076462589,-0.058605507,-0.028367251,-0.021190315,0,-0.076960325,-0.196489811,-0.311351955,-0.378899336,-0.313838273,-0.440961838,-0.364243925,-0.295096666,-0.329553515,-0.502392411,-0.420327902,-0.351155579,-0.313311249,-0.40727514,-0.307948977,-0.25014931,-0.275210708,-0.334322065,-0.267637312,-0.224800408
s,0,0.091533571,0.135916233,0.100103527,0.041886136,0.122379005,0.145652443,0.144809574,0.129475743,0.058598161,0.075882107,0.087995768,0.082542688,-0.007826209,0.002897829,0.02430889,0.02283296,-0.076461971,-0.059931189,-0.027938604,-0.018033862,0,-0.077404141,-0.196302414,-0.313144892,-0.381161213,-0.313281685,-0.438944459,-0.368060946,-0.300136417,-0.330075115,-0.504557788,-0.43238771,-0.363977551,-0.313619018,-0.409626037,-0.316073179,-0.255310833,-0.27415067,-0.337564975,-0.275868177,-0.230234683
s,0,0.090513453,0.132913277,0.095273748,0.037423,0.118907526,0.142754778,0.141395107,0.125680819,0.05556412,0.073436603,0.084467158,0.078700885,-0.010854781,0.000958279,0.021810323,0.019954965,-0.079107925,-0.059941724,-0.029198572,-0.021630198,0,-0.07911098,-0.197591305,-0.311822444,-0.380681723,-0.318817735,-0.443342328,-0.370625436,-0.301956266,-0.334865987,-0.506278455,-0.428163052,-0.358900815,-0.318677902,-0.408466488,-0.310869277,-0.252406418,-0.28019172,-0.33596617,-0.270031691,-0.227175415
s,0,0.091600433,0.136502936,0.098194614,0.040027097,0.125085637,0.145888105,0.144441798,0.132017359,0.059905395,0.076078191,0.085190132,0.078860745,-0.007751286,0.003329933,0.022927925,0.020143405,-0.077224761,-0.056414679,-0.027307227,-0.021957293,0,-0.077640533,-0.196050584,-0.310959697,-0.378747851,-0.316813439,-0.439087749,-0.367946267,-0.303152144,-0.333465904,-0.506218255,-0.42819944,-0.359516561,-0.317186028,-0.412129045,-0.312280864,-0.253768384,-0.278619051,-0.336265981,-0.269288957,-0.228010476
s,0,0.090721294,0.131705806,0.095405415,0.03952986,0.118666604,0.142756954,0.142301098,0.126801595,0.056081846,0.075236008,0.086071387,0.079099193,-0.00975664,0.002884611,0.0233282,0.02051273,-0.077906951,-0.059507743,-0.028164342,-0.019752726,0,-0.080321133,-0.196489513,-0.310379714,-0.378733575,-0.315461397,-0.439416528,-0.367626995,-0.300344348,-0.330232054,-0.503015101,-0.426410258,-0.356718689,-0.313715726,-0.409298897,-0.315141201,-0.255687416,-0.2748667,-0.337803543,-0.274560988,-0.229561865
s,0,0.091144741,0.132221669,0.094534189,0.037084401,0.117275566,0.142450094,0.141301543,0.125885516,0.054264188,0.07288745,0.084374726,0.078945786,-0.011281222,0.001595199,0.023135886,0.021464929,-0.07897231,-0.059554666,-0.027288929,-0.017784417,0,-0.080647886,-0.197684765,-0.311225951,-0.377212346,-0.314115644,-0.436995327,-0.366815209,-0.299766004,-0.329951912,-0.501056552,-0.426097393,-0.356307596,-0.314039677,-0.409848183,-0.31430918,-0.252004683,-0.275659025,-0.33616516,-0.274063051,-0.22952193
t,0,0.065782428,0.095932603,0.085580111,0.079298496,0.055487037,0.092925787,0.122893035,0.122384787,0.004326135,0.044261038,0.07318747,0.067599535,-0.045751631,0.003972054,0.026845098,0.01244238,-0.095210612,-0.037070602,-0.015861869,-0.031011879,0,-0.060756266,-0.193518668,-0.292137295,-0.374893636,-0.30983448,-0.38034308,-0.324183404,-0.263591856,-0.310888827,-0.372461915,-0.259764075,-0.200945497,-0.288044602,-0.319334298,-0.208542824,-0.168026626,-0.245433152,-0.260446995,-0.188941896,-0.166885972
t,0,0.079006732,0.10751456,0.093148768,0.080854863,0.07725507,0.107827544,0.128764868,0.124615014,0.022526443,0.041025311,0.070701301,0.072202116,-0.031372339,-0.005726635,0.02513814,0.022338808,-0.084791422,-0.046744406,-0.020806015,-0.025982827,0,-0.067351758,-0.203912675,-0.304257095,-0.392031848,-0.304789454,-0.386523783,-0.337200314,-0.274801552,-0.304074854,-0.381669432,-0.27418974,-0.204340637,-0.279242784,-0.335262775,-0.228903353,-0.176030338,-0.236147255,-0.267168164,-0.199869812,-0.172398627
t,0,0.075813711,0.099309087,0.083127588,0.072423577,0.06975919,0.090224355,0.112944841,0.114708155,0.016664416,0.030730993,0.059570462,0.064217806,-0.037323326,-0.018700629,0.01485607,0.018317133,-0.09247604,-0.063656598,-0.030850708,-0.02644515,0,-0.070244908,-0.206889272,-0.308973134,-0.396720469,-0.301724494,-0.385742962,-0.343380064,-0.285329521,-0.297293633,-0.38239181,-0.27856189,-0.211199194,-0.272543579,-0.337797582,-0.23590228,-0.182038248,-0.231608748,-0.27366215,-0.207666695,-0.174428314
t,0,0.072194636,0.090710938,0.072799861,0.05779177,0.066397429,0.083999872,0.101629227,0.100015849,0.010463029,0.017234296,0.045260757,0.052767724,-0.044428825,-0.033522904,0.001656294,0.010856539,-0.099214286,-0.077619284,-0.042426705,-0.031544507,0,-0.072875142,-0.206706285,-0.310861051,-0.399203718,-0.297967851,-0.38336277,-0.347463459,-0.286968619,-0.290940106,-0.378973842,-0.276159614,-0.205426812,-0.263546079,-0.335131109,-0.235150248,-0.177291751,-0.219075173,-0.270507634,-0.207285583,-0.170647383
t,0,0.074955821,0.095199943,0.07897234,0.06764096,0.068302393,0.081257105,0.098325491,0.099541783,0.012177378,0.0107999,0.03917402,0.050214708,-0.042722702,-0.038781404,-0.003746241,0.007875174,-0.097921327,-0.081410944,-0.046496481,-0.03293702,0,-0.077536404,-0.209564984,-0.315333486,-0.40231812,-0.301262379,-0.384958953,-0.35314554,-0.294011891,-0.29216823,-0.383854598,-0.287215233,-0.214767516,-0.261943758,-0.337406069,-0.238142937,-0.177290022,-0.213415027,-0.270312548,-0.208207816,-0.169304967
t,0,0.073153406,0.092035711,0.07126236,0.06310159,0.067154676,0.079952776,0.095453382,0.09849444,0.008714706,0.005880356,0.033962548,0.048293918,-0.046654657,-0.044538677,-0.009189278,0.005981073,-0.100923903,-0.085398287,-0.04803592,-0.031308889,0,-0.076041698,-0.211410284,-0.317057729,-0.404358804,-0.300984919,-0.390198052,-0.356612295,-0.292638123,-0.290663093,-0.383912444,-0.29017067,-0.213137269,-0.259701222,-0.335561961,-0.23657757,-0.173223525,-0.210789651,-0.266639411,-0.203033715,-0.163366497
t,0,0.071514368,0.090458542,0.070716619,0.058317453,0.067543715,0.08144784,0.091082484,0.089673847,0.00969252,0.00518927,0.029589385,0.045376092,-0.046640471,-0.044488952,-0.012118518,0.004436761,-0.102322124,-0.087614186,-0.052023426,-0.033661336,0,-0.078328669,-0.214749515,-0.321266025,-0.405145228,-0.303826034,-0.393036574,-0.360012174,-0.294527173,-0.293181181,-0.383747727,-0.289880395,-0.212003767,-0.261715561,-0.334267706,-0.238826036,-0.176090717,-0.211772561,-0.266154319,-0.203682989,-0.163555026
t,0,0.07341294,0.09289448,0.072323754,0.057583198,0.069782868,0.083823934,0.091028348,0.087646201,0.012480542,0.008303657,0.030202627,0.044632137,-0.043905616,-0.039881483,-0.010718003,0.004179791,-0.100337729,-0.084238514,-0.05073218,-0.032834724,0,-0.084185958,-0.213413596,-0.318663508,-0.404188871,-0.303983986,-0.392704308,-0.365417719,-0.301094204,-0.29494375,-0.380659729,-0.288760722,-0.214388281,-0.26447466,-0.330064058,-0.237114906,-0.177400738,-0.214465231,-0.269239217,-0.209617883,-0.170552969
u,0,0.06911923,0.0879758,0.044080064,-0.014818117,0.077941701,0.080500469,0.07591027,0.066963717,0.023792878,0.019778356,0.019203007,0.008541875,-0.029486261,-0.040998019,-0.011499286,-0.000105679,-0.084958717,-0.076191634,-0.044837289,-0.026940525,0,-0.063974082,-0.206053793,-0.307946205,-0.359576762,-0.298476636,-0.417963684,-0.49301219,-0.557349056,-0.300836682,-0.433596969,-0.52504608,-0.604801208,-0.270847082,-0.382596284,-0.337310016,-0.296663225,-0.223492205,-0.288828909,-0.24123913,-0.19369334
u,0,0.078068353,0.093749888,0.047453053,-0.011485048,0.087661751,0.085331105,0.078014471,0.067424528,0.035670735,0.029797398,0.025060512,0.013974011,-0.018066183,-0.028583117,-0.000495225,0.01102376,-0.077936023,-0.070556164,-0.037715785,-0.020421304,0,-0.075606346,-0.208978891,-0.307855248,-0.365100026,-0.300560236,-0.422109485,-0.496971428,-0.560859889,-0.305285513,-0.448516905,-0.539692521,-0.616104454,-0.276804924,-0.39251709,-0.333196878,-0.284333527,-0.230907857,-0.298912704,-0.244267344,-0.194338322
u,0,0.078804404,0.09501937,0.050807789,-0.008137107,0.086190715,0.085669875,0.077647403,0.065062985,0.033402145,0.03123413,0.027578592,0.016448051,-0.01995369,-0.03095492,-0.003409691,0.008387543,-0.077764474,-0.07090015,-0.038304508,-0.018915951,0,-0.08079958,-0.217986703,-0.318201721,-0.370726228,-0.312782168,-0.432500601,-0.50926888,-0.574430704,-0.316896558,-0.456654966,-0.550205112,-0.630171031,-0.288533151,-0.400297523,-0.350125968,-0.30715996,-0.242986619,-0.306069613,-0.256266177,-0.208176851
u,0,0.077412806,0.095457144,0.052075811,-0.007283695,0.084588595,0.084968515,0.078633823,0.066449098,0.031455927,0.031699397,0.02914796,0.018914886,-0.023370072,-0.029041491,0.000195116,0.01273299,-0.082841597,-0.067303412,-0.034378193,-0.018303387,0,-0.077359498,-0.214710474,-0.317184567,-0.373703182,-0.315813065,-0.434097677,-0.508215845,-0.57093817,-0.320996642,-0.463548541,-0.552533507,-0.629166663,-0.293951333,-0.397487998,-0.347551048,-0.307000935,-0.248537123,-0.30245477,-0.250816822,-0.204503775
u,0,0.080925092,0.099086717,0.057417408,-0.000441611,0.085603908,0.08650811,0.079114184,0.067501232,0.030950531,0.030800849,0.028366774,0.019513711,-0.025942445,-0.034990668,-0.003663749,0.013797939,-0.085421868,-0.069735326,-0.035869211,-0.017396584,0,-0.08126384,-0.215094805,-0.315838337,-0.365622878,-0.323954642,-0.440886974,-0.515951127,-0.580395997,-0.329718232,-0.467578888,-0.561176866,-0.639945567,-0.300047874,-0.405035496,-0.351978958,-0.305852115,-0.248732686,-0.306720972,-0.256671786,-0.209363282
u,0,0.077787966,0.096046627,0.055673942,-0.004667342,0.076002374,0.080633685,0.074755669,0.063230783,0.023346081,0.024987951,0.023646548,0.014224902,-0.031337768,-0.039303347,-0.004317328,0.015124813,-0.088723078,-0.076055348,-0.04118751,-0.021965146,0,-0.088720977,-0.218843818,-0.325608552,-0.372809112,-0.318695188,-0.441121161,-0.516516268,-0.58394289,-0.325710475,-0.46765101,-0.564751387,-0.646914065,-0.297758758,-0.398199081,-0.362368643,-0.3241539,-0.2491014,-0.310709357,-0.270398676,-0.223811626
u,0,0.078134596,0.101771355,0.067731023,0.008261383,0.075543314,0.07920143,0.074778795,0.063563347,0.022155285,0.027774543,0.029904753,0.023918182,-0.032797158,-0.031676635,0.001660749,0.018876314,-0.089201339,-0.066257074,-0.031268939,-0.013750941,0,-0.077901959,-0.215012312,-0.32266283,-0.374552429,-0.317972243,-0.439513057,-0.515316397,-0.581689596,-0.323784053,-0.469633818,-0.561889917,-0.640150338,-0.297723472,-0.404089004,-0.358552337,-0.31739074,-0.250939488,-0.306478679,-0.256254077,-0.208444357
u,0,0.078979224,0.102835923,0.070788831,0.014442354,0.070224494,0.075991362,0.073766202,0.063437015,0.018477261,0.026484072,0.031332105,0.025383383,-0.03564395,-0.026768863,0.006426811,0.019791692,-0.090578228,-0.061998576,-0.027854145,-0.014121741,0,-0.078704178,-0.214101136,-0.318637967,-0.372243017,-0.322194815,-0.442554593,-0.517058551,-0.582746148,-0.326099873,-0.473200917,-0.563586831,-0.640402675,-0.298493564,-0.402590722,-0.337617159,-0.284919024,-0.250254989,-0.310015082,-0.253949344,-0.203803658
u,0,0.074989051,0.098957479,0.078210354,0.028793752,0.062449098,0.068449259,0.06566456,0.056480438,0.012219429,0.024303824,0.035960764,0.03575322,-0.04189977,-0.026691139,0.019815952,0.04211846,-0.096041858,-0.059059262,-0.020346195,-0.00675109,0,-0.078956604,-0.219200373,-0.323309064,-0.383033454,-0.325906277,-0.449646413,-0.520244181,-0.583780318,-0.331867218,-0.48516652,-0.57473734,-0.650257349,-0.307672024,-0.414879501,-0.363855541,-0.317566454,-0.260737121,-0.318272889,-0.266546965,-0.217713118
v,0,0.064341009,0.082212687,0.044635475,-0.018492728,0.044017494,0.048895001,0.050189018,0.04980728,-0.011997819,-0.028735787,-0.031306058,-0.035968363,-0.061755151,-0.064363241,-0.025462478,-0.006233811,-0.108392686,-0.095786929,-0.055563986,-0.03446728,0,-0.078268766,-0.210649967,-0.311256707,-0.351461351,-0.328894258,-0.460273862,-0.535286337,-0.599236339,-0.322189569,-0.474516034,-0.564934641,-0.636687338,-0.281154811,-0.368232131,-0.294757307,-0.229261339,-0.217730165,-0.281000137,-0.23494333,-0.184574246
v,0,0.062474877,0.078143895,0.039202511,-0.023774832,0.054352343,0.05991447,0.059065968,0.053498119,-0.003044575,-0.020254612,-0.026506037,-0.037162781,-0.054819554,-0.065212548,-0.025999099,-0.006325871,-0.104028165,-0.09520933,-0.057736784,-0.039845139,0,-0.096534014,-0.22132796,-0.321507812,-0.361711204,-0.33603406,-0.472113252,-0.548814237,-0.616447836,-0.334024131,-0.484604776,-0.575237334,-0.65291962,-0.294502318,-0.377007306,-0.296991646,-0.235596716,-0.233266532,-0.298198402,-0.246480763,-0.200222671
v,0,0.064907074,0.078370541,0.03742817,-0.025451481,0.053477407,0.059924424,0.060232013,0.052938163,-0.002966255,-0.017464757,-0.02453956,-0.039078176,-0.055744946,-0.068143398,-0.025568962,-0.00491941,-0.106595457,-0.100660086,-0.061089993,-0.041717291,0,-0.098789334,-0.229468226,-0.331127048,-0.369198442,-0.341388166,-0.478313148,-0.555294931,-0.623138577,-0.342584908,-0.496521056,-0.592134267,-0.671087712,-0.305335522,-0.394292533,-0.314366341,-0.251316726,-0.244746506,-0.317160964,-0.266992331,-0.21631372
v,0,0.066787779,0.082255006,0.039170504,-0.02251476,0.053309649,0.059221774,0.058981627,0.050946683,-0.004576623,-0.017314672,-0.025098443,-0.041269988,-0.057731271,-0.067490995,-0.026214838,-0.006734461,-0.108948052,-0.101078629,-0.060360491,-0.040773451,0,-0.093318999,-0.22710979,-0.325231314,-0.361780047,-0.3498348,-0.480766118,-0.557180315,-0.623177171,-0.347758412,-0.498441666,-0.589904457,-0.668392897,-0.307585776,-0.388049603,-0.303539336,-0.242986381,-0.243421078,-0.30783385,-0.25472033,-0.207464576
v,0,0.06935063,0.085492104,0.04028511,-0.025317818,0.054496467,0.060342073,0.060450047,0.055814892,-0.002239257,-0.017020553,-0.023745269,-0.036407858,-0.055504888,-0.064557672,-0.020819873,0.001089722,-0.107630491,-0.102728158,-0.060850203,-0.040363282,0,-0.099507272,-0.234447181,-0.336087823,-0.377218723,-0.341610909,-0.479888529,-0.558321744,-0.626627982,-0.340063572,-0.498960018,-0.593635052,-0.670533478,-0.302355766,-0.39616406,-0.313419998,-0.246747613,-0.243048787,-0.31999588,-0.268209934,-0.215462625
v,0,0.070094436,0.090112776,0.04516241,-0.020679176,0.055198789,0.061876178,0.062328726,0.055962175,-0.003903925,-0.017275035,-0.022908151,-0.036212474,-0.05861339,-0.065980643,-0.024019301,-0.005872309,-0.110871881,-0.101099759,-0.060017794,-0.04259038,0,-0.097895026,-0.239002764,-0.341706932,-0.377142727,-0.357159734,-0.49268198,-0.571271151,-0.639851958,-0.354736388,-0.508803695,-0.602735102,-0.682064444,-0.314853787,-0.40143919,-0.312638223,-0.24820435,-0.251815259,-0.322830439,-0.266120255,-0.215958595
v,0,0.068570971,0.089053363,0.043983579,-0.021790504,0.056642324,0.064578742,0.065299928,0.059711784,-0.003344595,-0.015682846,-0.021455258,-0.033686042,-0.059188426,-0.064286172,-0.024564564,-0.006966412,-0.112637699,-0.102670908,-0.062830389,-0.045360863,0,-0.097809255,-0.233359337,-0.330284715,-0.373308122,-0.35425818,-0.488674462,-0.567128301,-0.635034025,-0.35329926,-0.510216832,-0.60231787,-0.678908348,-0.314150691,-0.39846164,-0.308048487,-0.242059588,-0.251498699,-0.320064425,-0.261711836,-0.210876822
w,0,0.073493838,0.109434426,0.066827834,0.003042459,0.077163875,0.1035344,0.114637733,0.119970232,0.015624464,0.020916879,0.021556199,0.021281481,-0.039106935,-0.063340902,-0.073509872,-0.086211786,-0.088261068,-0.083937436,-0.044617325,-0.016708344,0,-0.066977262,-0.17847842,-0.29581666,-0.345405161,-0.363272071,-0.509100556,-0.590524673,-0.665268362,-0.381559372,-0.547406882,-0.644486129,-0.727540672,-0.357363284,-0.507147908,-0.608660579,-0.698105663,-0.286656916,-0.407763779,-0.376313031,-0.314309776
w,0,0.076218545,0.122303784,0.081025302,0.014537573,0.081455171,0.105821967,0.118682683,0.126877844,0.020175189,0.02274251,0.022982508,0.020893484,-0.03339985,-0.05195877,-0.062047124,-0.076984555,-0.083801568,-0.069556028,-0.029987395,-0.003395379,0,-0.06982255,-0.18909049,-0.305025756,-0.350427806,-0.381842375,-0.522327244,-0.600215584,-0.671673685,-0.399630547,-0.563336313,-0.657129824,-0.734120935,-0.375295281,-0.523069054,-0.62290889,-0.708387941,-0.310625553,-0.420279503,-0.379598439,-0.311764002
w,0,0.082440883,0.140340775,0.108331889,0.039656043,0.086617738,0.108963221,0.119839936,0.125708967,0.022984356,0.024674207,0.024832577,0.023816824,-0.03071937,-0.048947453,-0.054136455,-0.065977216,-0.080420047,-0.049703419,-0.009550393,0.014099628,0,-0.065421343,-0.177878618,-0.298799694,-0.359056592,-0.393883288,-0.526703775,-0.606679946,-0.674536735,-0.409407854,-0.572205752,-0.664749146,-0.744109988,-0.386078656,-0.530933678,-0.628825933,-0.711037457,-0.324042618,-0.425826907,-0.376631856,-0.303543687
w,0,0.074588686,0.111741692,0.088676602,0.013285726,0.06254521,0.076085299,0.086763591,0.093056828,-0.000949115,-0.011483759,-0.010793537,-0.010192096,-0.055853248,-0.077495992,-0.080436766,-0.092005491,-0.102582335,-0.064044744,-0.019517034,0.002913266,0,-0.081411421,-0.213995099,-0.324480772,-0.375472426,-0.398977816,-0.526814401,-0.610779017,-0.676623344,-0.411516964,-0.57215184,-0.66223526,-0.741313905,-0.389019907,-0.535764992,-0.642086715,-0.727400512,-0.336928308,-0.417197764,-0.363387764,-0.288004637
w,0,0.078162551,0.125230789,0.114525497,0.056474328,0.07565999,0.102151513,0.118377507,0.128361344,0.017032862,0.016648233,0.021605492,0.022943258,-0.034919739,-0.048382103,-0.051003158,-0.058746427,-0.079708815,-0.043855786,-0.00501442,0.01827848,0,-0.062196851,-0.187229931,-0.292135119,-0.351310074,-0.385484636,-0.519595116,-0.593810499,-0.662875742,-0.403338432,-0.567300051,-0.657737464,-0.730702251,-0.382424057,-0.52366969,-0.626355737,-0.707682401,-0.329357743,-0.419969201,-0.366067648,-0.287757218
w,0,0.081014693,0.130093038,0.118710816,0.067456126,0.07839179,0.108296931,0.125732362,0.13519609,0.024572432,0.025683105,0.027179301,0.025943339,-0.024340391,-0.035867333,-0.035205841,-0.038099229,-0.070047349,-0.039254099,0.001141071,0.032490909,0,-0.075055957,-0.193088233,-0.294390738,-0.354737222,-0.386902153,-0.520620584,-0.597935557,-0.667809606,-0.403280139,-0.567140579,-0.662983894,-0.745065331,-0.378514171,-0.528067052,-0.626347035,-0.713686943,-0.312833309,-0.421394467,-0.374003351,-0.302758157
w,0,0.083051622,0.135023355,0.11948204,0.06060034,0.081668437,0.111786306,0.132047892,0.14365083,0.026318014,0.029883027,0.036989689,0.038752913,-0.024864793,-0.033183217,-0.030218959,-0.035337657,-0.072994053,-0.031624526,0.008723974,0.031606138,0,-0.069043279,-0.197229981,-0.301355243,-0.353786886,-0.385550022,-0.510233045,-0.587682605,-0.655609399,-0.405278862,-0.561377347,-0.652088851,-0.730173677,-0.385643601,-0.524726093,-0.627542496,-0.713716239,-0.332749426,-0.410421908,-0.356085181,-0.287335515
w,0,0.075443387,0.117281139,0.105581582,0.046290815,0.068326354,0.092294455,0.107651889,0.116335273,0.01270926,0.014494956,0.01957953,0.021975458,-0.037615359,-0.0550825,-0.054876685,-0.060159683,-0.08513391,-0.056058198,-0.015622318,0.010370135,0,-0.076108694,-0.203047872,-0.307946146,-0.364887118,-0.390977919,-0.51870659,-0.601330131,-0.666584253,-0.406764805,-0.565790892,-0.660840511,-0.740648389,-0.386828244,-0.529858321,-0.632337153,-0.710992962,-0.335502625,-0.417521238,-0.3684389,-0.29439348
x,0,0.087497085,0.11604768,0.101233304,0.102779031,0.094201565,0.107455254,0.12543121,0.142537296,0.027834877,0.041853607,0.062977389,0.075878158,-0.036464155,-0.026173204,0.007758707,0.024794921,-0.102873936,-0.084662221,-0.047635883,-0.029119164,0,-0.09927237,-0.249708354,-0.363818347,-0.44882831,-0.349973023,-0.444273561,-0.497826397,-0.541677952,-0.352536172,-0.466415703,-0.35872528,-0.26954335,-0.325896263,-0.418310791,-0.309729099,-0.232308984,-0.273375154,-0.342399091,-0.273454964,-0.220465064
x,0,0.089286134,0.121435538,0.101626471,0.089817181,0.091705814,0.106741682,0.12743248,0.149233684,0.027994335,0.042022571,0.065827683,0.079763696,-0.035432979,-0.024646014,0.01210694,0.030052513,-0.1015843,-0.081676535,-0.043863744,-0.026408285,0,-0.102060378,-0.244401932,-0.35277307,-0.429472685,-0.343045294,-0.441480696,-0.493534595,-0.530062318,-0.345744163,-0.462332904,-0.364826232,-0.271504402,-0.321355551,-0.419628918,-0.31820029,-0.235031486,-0.268850446,-0.343873262,-0.276069641,-0.214222431
x,0,0.089156583,0.119465932,0.100921258,0.087143824,0.089531049,0.104908541,0.128476039,0.151490852,0.027697846,0.041568026,0.067951813,0.080728516,-0.034623817,-0.024411634,0.015083566,0.031806394,-0.100658931,-0.081191465,-0.042354748,-0.025732726,0,-0.105440438,-0.245387077,-0.346901715,-0.418184489,-0.347803205,-0.445620269,-0.496015042,-0.532834053,-0.349532187,-0.465524584,-0.366568565,-0.275866628,-0.322781861,-0.420031607,-0.316429496,-0.235488892,-0.267926037,-0.341612101,-0.276463151,-0.219828367
x,0,0.088491112,0.119599253,0.097789943,0.079716921,0.089001745,0.104913622,0.129700691,0.153718352,0.026600197,0.04118365,0.068930626,0.082399338,-0.035785481,-0.024719656,0.016538203,0.034114495,-0.101752602,-0.080876239,-0.040510446,-0.022995204,0,-0.102823853,-0.242813826,-0.345013112,-0.415911913,-0.34672761,-0.44355154,-0.494031608,-0.530409992,-0.349426985,-0.467671454,-0.370212466,-0.278421342,-0.324363351,-0.422789574,-0.319594234,-0.236949325,-0.270949602,-0.345237762,-0.277683616,-0.218021929
x,0,0.090727329,0.123563975,0.100788027,0.088315219,0.092882335,0.108504981,0.131581634,0.155629605,0.027059272,0.044173211,0.070642292,0.083942562,-0.037395895,-0.025912702,0.013976038,0.030318588,-0.104559474,-0.08183521,-0.041272983,-0.024979368,0,-0.09781599,-0.246846616,-0.352801502,-0.423494935,-0.34925285,-0.447055936,-0.497786522,-0.53540194,-0.351874471,-0.466561437,-0.369222254,-0.278943777,-0.328264862,-0.429962277,-0.325855613,-0.242053509,-0.277235448,-0.349913687,-0.279229403,-0.217584729
x,0,0.090863466,0.128012836,0.112651736,0.114477664,0.085719854,0.102539748,0.128746986,0.155470282,0.021029294,0.041063458,0.072008193,0.086944193,-0.043362841,-0.023383871,0.017737299,0.032489866,-0.111901596,-0.084565744,-0.041402981,-0.025652692,0,-0.091163039,-0.245038867,-0.356739759,-0.436965138,-0.355858743,-0.455540776,-0.504530847,-0.541317999,-0.355095595,-0.466129869,-0.364051044,-0.272049248,-0.330239445,-0.425942838,-0.317415923,-0.231281757,-0.279590368,-0.348214537,-0.27506572,-0.211725295
x,0,0.089952767,0.126864314,0.112440705,0.108407021,0.088418692,0.105591953,0.133736551,0.1615493,0.02446565,0.049338013,0.080229729,0.092363417,-0.039453954,-0.018742979,0.023614138,0.037530839,-0.106927976,-0.080638349,-0.040439129,-0.028176755,0,-0.087070346,-0.241585851,-0.352533311,-0.434572756,-0.352154046,-0.459927857,-0.511615008,-0.543079883,-0.35380435,-0.470524758,-0.366400659,-0.27157104,-0.329674006,-0.430659503,-0.319420815,-0.233763158,-0.277779192,-0.353151947,-0.277843565,-0.213901877
y,0,0.121867716,0.205607325,0.25464496,0.296670735,0.120839059,0.143259466,0.146726221,0.145688057,0.047818005,0.066242695,0.083954215,0.094835967,-0.026253536,-0.020489767,0.016352236,0.0422571,-0.099474832,-0.128693253,-0.142521754,-0.151770562,0,-0.071225584,-0.21439147,-0.330938876,-0.398140073,-0.393131554,-0.519090474,-0.437464535,-0.348399937,-0.396086156,-0.525448501,-0.404620171,-0.29803431,-0.386561453,-0.49417159,-0.380617738,-0.283407152,-0.366154015,-0.501372129,-0.588742435,-0.67596212
y,0,0.115095794,0.193982065,0.237577856,0.282923937,0.113998204,0.137228131,0.144448429,0.145050675,0.044390202,0.066230625,0.085474193,0.091913313,-0.030269206,-0.018873841,0.021634966,0.044477761,-0.105794966,-0.135464087,-0.145834148,-0.154988572,0,-0.067625165,-0.219917238,-0.335830212,-0.399056792,-0.399090409,-0.521948457,-0.428434044,-0.335849106,-0.401530802,-0.526844501,-0.400746107,-0.29247582,-0.39305985,-0.497549474,-0.382349312,-0.28834033,-0.373403907,-0.510951906,-0.595829368,-0.680265784
y,0,0.117648244,0.195670694,0.238072366,0.280384749,0.117249548,0.142175376,0.148850888,0.148497343,0.047396153,0.068983465,0.087162435,0.093742907,-0.027821362,-0.015431598,0.02319926,0.045262218,-0.104157135,-0.133123025,-0.14396517,-0.152839467,0,-0.069828212,-0.222126901,-0.336843491,-0.401863754,-0.39895308,-0.521497637,-0.430337787,-0.336507142,-0.40265125,-0.522226691,-0.396836579,-0.288024783,-0.394714773,-0.49598825,-0.380038857,-0.284758866,-0.375155449,-0.51105085,-0.594499379,-0.677134126
y,0,0.11550194,0.196358263,0.238311529,0.275760263,0.11518544,0.135406345,0.139757812,0.140260398,0.040355951,0.058247715,0.079083532,0.090679139,-0.035363659,-0.027211666,0.012622342,0.037874639,-0.110008165,-0.136992887,-0.149312437,-0.158368289,0,-0.068111658,-0.229016125,-0.355359197,-0.436504304,-0.406611025,-0.53000778,-0.441404819,-0.356773615,-0.408126533,-0.527235478,-0.401422143,-0.299091578,-0.395840168,-0.497267604,-0.375591397,-0.279234648,-0.370698333,-0.501331747,-0.585070789,-0.671258479
y,0,0.082536876,0.146226019,0.185870618,0.233559549,0.08879067,0.088550538,0.097555548,0.097918808,0.014972806,0.011458099,0.038544178,0.051046133,-0.052245393,-0.059502035,-0.020891696,0.000108674,-0.119073793,-0.121901289,-0.083176523,-0.058973148,0,-0.031230569,-0.137856424,-0.240116715,-0.316145122,-0.289138138,-0.37362057,-0.258056104,-0.172955692,-0.278235137,-0.354798436,-0.213649631,-0.126864851,-0.251151919,-0.322037578,-0.194604814,-0.1149351,-0.206501007,-0.256589413,-0.167330146,-0.103166103
z,0,-0.070705354,-0.118418932,-0.163723975,-0.179300785,0.020491004,-0.068259835,-0.129231155,-0.177110672,0.06169939,-0.094067931,-0.111513436,-0.077970445,0.071927369,-0.089215517,-0.098597646,-0.058593333,0.057389498,-0.075452983,-0.080993891,-0.042113125,0,-0.093703866,-0.17391485,-0.217702031,-0.23997432,-0.344415605,-0.455205202,-0.514711082,-0.556723237,-0.29596436,-0.336364448,-0.24157691,-0.211325169,-0.214941442,-0.230416238,-0.154735327,-0.138781071,-0.123349547,-0.134031534,-0.089237094,-0.07892096
z,0,-0.083573818,-0.128740877,-0.160601139,-0.166673034,0.028662443,-0.060625553,-0.122019976,-0.169229925,0.066053808,-0.091391504,-0.111279726,-0.071105838,0.077005029,-0.085144401,-0.094057083,-0.050107598,0.062729299,-0.070532262,-0.076000094,-0.033942044,0,-0.112434506,-0.20286727,-0.254375458,-0.294589698,-0.380460441,-0.481922984,-0.542690098,-0.588423282,-0.326131165,-0.369246364,-0.269266486,-0.241253138,-0.243950844,-0.261667371,-0.181505442,-0.166229963,-0.15011245,-0.170072556,-0.122851968,-0.109356821
z,0,-0.075896025,-0.118219823,-0.151894838,-0.168313622,0.032073736,-0.051959276,-0.113368005,-0.160569459,0.072364748,-0.089763939,-0.112125397,-0.072191894,0.084335566,-0.078271627,-0.088914096,-0.045318544,0.071023524,-0.059058011,-0.069721639,-0.032691717,0,-0.111723006,-0.205631018,-0.258185625,-0.303227067,-0.387897611,-0.495722353,-0.558747798,-0.603755713,-0.339705944,-0.387783587,-0.283869207,-0.249206603,-0.26248914,-0.287395239,-0.203308403,-0.182928562,-0.170977235,-0.192866802,-0.142005146,-0.123505235
z,0,-0.078941643,-0.123498142,-0.1605995,-0.181685209,0.025963068,-0.056290507,-0.117359936,-0.166474819,0.066482186,-0.096548021,-0.112714857,-0.07067436,0.078563929,-0.085452795,-0.091050506,-0.046212733,0.06542182,-0.068714917,-0.077367127,-0.040687919,0,-0.117269754,-0.209902465,-0.261179507,-0.308357835,-0.395793617,-0.503218144,-0.566202819,-0.611093014,-0.349813521,-0.393215179,-0.290811956,-0.25623697,-0.273299456,-0.296323299,-0.212041318,-0.192312837,-0.181933999,-0.202338994,-0.150167465,-0.13270998
z,0,-0.080135047,-0.126027733,-0.164486468,-0.185803235,0.023444057,-0.061126828,-0.121994317,-0.170808971,0.06519258,-0.096798182,-0.112569809,-0.071780443,0.078451395,-0.085290432,-0.089099824,-0.043819547,0.06593591,-0.067144871,-0.075707793,-0.039371371,0,-0.11982733,-0.209879935,-0.259456754,-0.305657148,-0.39837414,-0.506805599,-0.570091486,-0.614760041,-0.35264957,-0.39615941,-0.293753624,-0.257153988,-0.277129054,-0.297663271,-0.215358853,-0.193820417,-0.186622143,-0.204559684,-0.153337002,-0.134277582
z,0,-0.084156692,-0.130786717,-0.16766268,-0.192477942,0.020226002,-0.067040145,-0.127359748,-0.174841225,0.063306928,-0.099140465,-0.115579545,-0.076417446,0.076634228,-0.088697493,-0.092330396,-0.047773957,0.064509749,-0.070064127,-0.077812314,-0.041507542,0,-0.120564103,-0.214077294,-0.265156329,-0.313797534,-0.400805116,-0.511309624,-0.574819416,-0.619373143,-0.354468644,-0.399858177,-0.297382891,-0.260274172,-0.279251397,-0.297422826,-0.214679778,-0.194276989,-0.190588534,-0.208722234,-0.156632304,-0.139586985
z,0,-0.0830127,-0.128326654,-0.167081535,-0.194374859,0.021606326,-0.068004847,-0.127347231,-0.173749924,0.063078821,-0.100802898,-0.113896579,-0.073140681,0.07495749,-0.090715408,-0.092031479,-0.046305716,0.060984075,-0.072836757,-0.07950747,-0.043031871,0,-0.121555746,-0.214754641,-0.264102459,-0.313145339,-0.4039253,-0.51132375,-0.574943304,-0.621244401,-0.357479393,-0.400432885,-0.301354229,-0.265910327,-0.281922281,-0.300565481,-0.220664322,-0.201813459,-0.193080723,-0.2109586,-0.161384225,-0.145535111
z,0,-0.08354038,-0.129162699,-0.16703248,-0.197550297,0.020015836,-0.069017768,-0.128745288,-0.174871862,0.062881887,-0.099611104,-0.111453354,-0.070676684,0.075557411,-0.089358509,-0.089060247,-0.043319404,0.062192082,-0.070630193,-0.078213811,-0.043485701,0,-0.120130002,-0.211673081,-0.262601137,-0.316472292,-0.401260972,-0.509326905,-0.570386678,-0.615719765,-0.355803788,-0.395374775,-0.297641814,-0.265818775,-0.281094074,-0.294726491,-0.215589583,-0.198389232,-0.193597853,-0.208403826,-0.159392238,-0.143885553
z,0,-0.079609573,-0.127137572,-0.163732231,-0.164726973,0.012614489,-0.080512166,-0.140754431,-0.186047077,0.050436199,-0.10382247,-0.117823362,-0.081957638,0.058836102,-0.096184254,-0.103550792,-0.063075662,0.044545829,-0.082721829,-0.088384688,-0.049631774,0,-0.090525031,-0.173733294,-0.227704108,-0.25741744,-0.344928682,-0.449774325,-0.507400155,-0.55173552,-0.296091437,-0.323365331,-0.234787822,-0.208172321,-0.215593517,-0.221607208,-0.151475608,-0.138513029,-0.124914944,-0.137111366,-0.094267666,-0.08311975
